SYMBOL,SERIES,SECURITY,HIGH/LOW
1015SCL28B,AZ,SEC RE NCD 10.15% SR VII,H
777HP49,SG,SDL HP 7.77% 2049,H
AARADHYA,SM,AARADHYA DISPOSAL INDUS L,H
AISL,SM,ANI INTEGRATED SERV LTD.,H
AKANKSHA,SM,AKANKSHA POWER N INFRA L,H
AKI,EQ,AKI INDIA LIMITED,H
AKSHARCHEM,BE,AKSHARCHEM INDIA LIMITED,H
AKSHOPTFBR,BE,AKSH OPTIFIBRE  LTD,H
ALOKINDS,EQ,ALOK INDUSTRIES LIMITED,H
ANGELONE,EQ,ANGEL ONE LIMITED,H
AQYLON,EQ,AQYLON NEXUS LIMITED,H
ARSHIYA,BZ,ARSHIYA LIMITED,H
ATHERENERG,EQ,ATHER ENERGY LIMITED,H
BHADORA,ST,BHADORA INDUSTRIES LTD,H
BHAGERIA,BE,BHAGERIA INDUSTRIES LTD,H
BI,BE,BILCARE LTD.,H
BIOPOL,SM,BIOPOL CHEMICALS LIMITED,H
BIRLACABLE,BE,BIRLA CABLE LIMITED,H
BLISSGVS,BE,BLISS GVS PHARMA LTD,H
BLUEPEBBLE,SM,BLUE PEBBLE LIMITED,H
BURNPUR,EQ,BURNPUR CEMENT LIMITED,H
CLASSICEIL,SM,CLASSIC ELECTRODE (IND) L,H
CMRSL,SM,CYBER MEDIA RES & SER LTD,H
COFFEEDAY,BE,COFFEE DAY ENTERPRISE LTD,H
CONSOFINVT,BE,CONSO. FIN. & HOLD. LTD.,H
COOLCAPS,ST,COOL CAPS INDUSTRIES LTD,H
CORDELIA,EQ,WATERWAYS LEISURE TOUR L,H
CRSL,BE,CRESSANDA RAILWAY SOLUT L,H
DBEIL,BE,DEEPAK BUILDERS & ENG I L,H
DCMNVL,EQ,DCM NOUVELLE LIMITED,H
DEEM,ST,DEEM ROLL TECH LIMITED,H
DHANSA,SM,DHANSA LABS LIMITED,H
DHARAN,BZ,DHARAN INFRA-EPC LIMITED,H
DHARIWAL,SM,DHARIWALCORP LIMITED,H
DIACABS,BE,DIAMOND POWER INFRA LTD,H
DIVYADHAN,ST,DIVYADHAN RECYCLING IND L,H
DOLPHIN,EQ,DOLPHIN OFF ENT (IND) L,H
DSSL,EQ,DYNACONS SYS & SOLN LTD,H
DYNAMIC,ST,DYNAMIC SRVCS & SEC LTD,H
EMAMIPAP,BE,EMAMI PAPER MILLS LIMITED,H
ESCONET,SM,ESCONET TECHNOLOGIES LTD,H
ESDS,EQ,ESDS SOFTWARE SOLUTION L,H
FEL,BZ,FUTURE ENTERPRISES LTD,H
FILATFASH,EQ,FILATEX FASHIONS LIMITED,H
FMNL,EQ,FUTURE MKT NETWORKS LTD,H
FONEBOX,SM,FONEBOX RETAIL LIMITED,H
FORGEAUTO,SM,FORGE AUTO INTERNATION L,H
GATECHDVR,BE,GACM TECHNOLOGIES LIMITED,H
GJL,ST,GROVER JEWELLS LIMITED,H
GLOBALPET,ST,GLOBAL PET INDUSTRIES LTD,H
GPECO,ST,GP ECO SOLUTIONS INDIA L,H
GRADIENTE,EQ,GRADIENTE INFOTAINMENT L,H
GSLSU,EQ,GLOBAL SURFACES LIMITED,H
GURUNANAK,SM,GURUNANAK AGRICULTUR IN L,H
GVKPIL,BE,GVK POW. & INFRA LTD.,H
HFCL,BE,HFCL LIMITED,H
ICDSLTD,EQ,ICDS LTD,H
IEML,ST,INDIAN EMULSIFIERS LTD,H
IL&FSENGG,BZ,IL&FS ENG AND CONS CO LTD,H
IMPEXFERRO,BZ,IMPEX FERRO TECH LIMITED,H
INDIAGLYCO,BE,INDIA GLYCOLS LTD,H
INSPIRE,SM,INSPIRE FILMS LIMITED,H
ISHAN,SM,ISHAN INTERNATIONAL LTD,H
IWARE,ST,IWARE SUPPLYCHAIN SER LTD,H
JINDWORLD,EQ,JINDAL WORLDWIDE LTD,H
JOCIL,BE,JOCIL LIMITED,H
JYOTIGLOBL,SM,JYOTI GLOBAL PLAST LTD,H
KAVDEFENCE,EQ,KAVVERI DFS & WIR TEC LTD,H
KAYA,BE,KAYA LIMITED,H
KEI,EQ,KEI INDUSTRIES LTD.,H
KILITCH,BE,KILITCH DRUGS INDIA LTD,H
KORE,SM,JAY JALARAM TECHNO LTD,H
KOTYARK,BE,KOTYARK INDUSTRIES LTD,H
KRN,EQ,KRN HEAT EXCHANGE N REF L,H
KSHITIJ-RE,BE,KSHITIJ POLYLINE LTD,H
KSHITIJPOL,EQ,KSHITIJ POLYLINE LIMITED,H
KSR,EQ,KSR FOOTWEAR LIMITED,H
LAKPRE,BZ,LAKSHMI PRE SCRE LTD,H
LALITHAA,EQ,LALITHAA JEWELLERY MART L,H
LOTUSDEV,BE,SRI LOTUS DEVLPRS N RTY L,H
MAFANG,EQ,MIRAEAMC - MAFANG,H
MAHKTECH,EQ,MIRAEAMC - MAHKTECH,H
MAKS,SM,MAKS ENERGY SOL INDIA LTD,H
MAL,SM,MANGALAM ALLOYS LIMITED,H
MASKINVEST,EQ,MASK INVESTMENTS LIMITED,H
MASPTOP50,EQ,MIRAEAMC - MASPTOP50,H
MBECL,BE,MCNALLY BHARAT ENGIN CO L,H
MCON,SM,MCON RASAYAN INDIA LTD,H
MENONBE,BE,MENON BEARINGS LIMITED,H
MILTON,SM,MILTON INDUSTRIES LIMITED,H
MINALIND,BE,MINAL INDUSTRIES LTD.,H
MON100,EQ,MOTILAL OS NASDAQ100 ETF,H
MONEYBOXX,EQ,MONEYBOXX FINANCE LIMITED,H
MONQ50,EQ,MOTILALAMC - MONQ50,H
MPDL,BE,MPDL LTD.,H
MPEL,ST,MANAS POLYMER N ENERGIE L,H
MPHASIS,EQ,MPHASIS LIMITED,H
MTARTECH,BE,MTAR TECHNOLOGIES LIMITED,H
MTEDUCARE,BE,MT EDUCARE LTD,H
MUKTAARTS,BE,MUKTA ARTS LIMITED,H
MVKAGRO,SM,M.V.K. AGRO FOOD PROD LTD,H
NAMOEWASTE,ST,NAMO EWASTE MANAGEMENT L,H
NECCLTD,BE,NORTH EAST CARRY CORP LTD,H
NIACL,EQ,THE NEW INDIA ASSU CO LTD,H
NRAIL,EQ,N R AGARWAL INDS LTD,H
ODYCORP,EQ,ODYSSEY CORPORATION LTD.,H
ONIXSOLAR,EQ,ONIX SOLAR ENERGY LTD.,H
OPTIVALUE,ST,OPTIVALUE TEK CONSULT LTD,H
ORTINGLOBE,EQ,ORTIN GLOBAL LIMITED,H
PALREDTEC,BE,PALRED TECHNOLOGIES LTD,H
PARAMOUNT,SM,PARAMOUNT DYE TEC LIMITED,H
PARASPETRO,EQ,PARAS PETROFILS LTD.,H
PARSVNATH,BE,PARSVNATH DEVELOPER LTD,H
PENTAGON,SM,PENTAGON RUBBER LIMITED,H
PLADAINFO,SM,PLADA INFOTECH SERVICES L,H
POLYSIL,SM,POLYSIL IRRIGATION SYST L,H
PRANIK,SM,PRANIK LOGISTICS LIMITED,H
PRAXIS,EQ,PRAXIS HOME RETAIL LTD,H
PREMIER,BE,PREMIER LIMITED,H
PRESTIGE,EQ,PRESTIGE ESTATE LTD,H
PRIORITY,BE,PRIORITY JEWELS LIMITED,H
PSRAJ,ST,P S RAJ STEELS LIMITED,H
PURPLEUTED,ST,PURPLE UNITED SALES LTD,H
PVP,EQ,PVP VENTURES LIMITED,H
QPOWER,EQ,QUALITY POWER ELEC EQUP L,H
QUICKTOUCH,SM,QUICKTOUCH TECHNOLOGIES L,H
RAJOOENG,BE,RAJOO ENGINEERS LIMITED,H
RAMBHAJO,EQ,ADVIT JEWELS LIMITED,H
RAMCOSYS,EQ,RAMCO SYSTEMS LTD.,H
RCDL-RE,ST,RAJGOR CAST DERIVATI LTD,H
RCOM,BE,RELIANCE COMMUNICATIONS L,H
RELINFRA,BE,RELIANCE INFRASTRUCTU LTD,H
RHETAN,EQ,RHETAN TMT LIMITED,H
ROLLT,BE,ROLLATAINERS LIMITED,H
RSSOFTWARE,EQ,R. S. SOFTWARE (INDIA) LI,H
RUBYMILLS,BE,THE RUBY MILLS LTD,H
SAB,EQ,S A B INDUSTRIES LTD.,H
SABAR,ST,SABAR FLEX INDIA LIMITED,H
SANGANI,SM,SANGANI HOSPITALS LIMITED,H
SANWARIA,BZ,SANWARIA CONSUMER LIMITED,H
SATIPOLY,ST,SATI POLY PLAST LIMITED,H
SEL,SM,SUNGARNER ENERGIES LTD,H
SETL,EQ,STANDARD ENGNG TCNLGY LTD,H
SETUINFRA,BZ,SETUBANDHAN INFRA LTD,H
SEYAIND,BE,SEYA INDUSTRIES LIMITED,H
SGLRES,EQ,SGL RESOURCES LIMITED,H
SHALPAINTS,BE,SHALIM PAINTS LTD,H
SHIVALIK,BE,SHIVALIK RASAYAN LIMITED,H
SHRENIK,BZ,SHRENIK LIMITED,H
SILKFLEX,SM,SILKFLEX POLYMERS INDIA L,H
SITINET,BZ,SITI NETWORKS LIMITED,H
SLONE,ST,SLONE INFOSYSTEMS LIMITED,H
SMLMAH,EQ,SML MAHINDRA LIMITED,H
SOMATEX,EQ,SOMA TEXTILES & INDUST LT,H
SONAMAC,SM,SONA MACHINERY LIMITED,H
SONUINFRA,ST,SONU INFRATECH LIMITED,H
SPECTRUM,BE,SPECTRUM ELECTRIC IND LTD,H
SRF,EQ,SRF LTD,H
SRIKPRIND,EQ,SRI KPR INDUSTRIES LTD.,H
STLNETWORK,EQ,STL NETWORKS LIMITED,H
STLTECH,BE,STERLITE TECHNOLOGIES LTD,H
SUDEEPPHRM,EQ,SUDEEP PHARMA LIMITED,H
SUPERSPIN,BE,SUPER SPINNING MILLS LTD,H
SUTLEJTEX,BE,SUTLEJ TEXT & INDUS LTD,H
SUVIDHAA,EQ,SUVIDHAA INFOSERVE LTD,H
SVGLOBAL,EQ,S V GLOBAL MILL LTD.,H
SYNOPTICS,ST,SYNOPTICS TECHNOLOGIES L,H
SYSTMTXC,BE,SYSTEMATIX CORP SERVICE L,H
TAKE,EQ,TAKE LIMITED,H
TATAELXSI,EQ,TATA ELXSI LIMITED,H
TBZ,EQ,TRIB BHIMJI ZAVERI LTD,H
TIJARIA,BE,TIJARIA POLYPIPES LTD,H
TIL,BE,TIL LTD,H
TRANSPEK,BE,TRANSPEK INDUSTRIES LTD,H
TSC,ST,TSC INDIA LIMITED,H
UEL,EQ,UJAAS ENERGY LIMITED,H
UNITECH,EQ,UNITECH LTD,H
UNIVPHOTO,BE,UNIVERSUS IMAGINGS LTD,H
UTKAL,SM,UTKAL SPEC INDUS INDIA L,H
UTSSAV,ST,UTSSAV CZ GOLD JEWELS LTD,H
VALIANTLAB,BE,VALIANT LABORATORIES LTD,H
VASUPRADA,EQ,SHRI VASUPRADA PLANTATI L,H
VERTEXPLUS,SM,VERTEXPLUS TECHNOLOGIES L,H
VHLTD-RE1,BE,VICEROY HOTELS LTD,H
VILINBIO,SM,VILIN BIO MED LIMITED,H
VIVIANA,BE,VIVIANA POWER TECH LTD,H
VIVIMEDLAB,BE,VIVIMED LABS LIMITED,H
VLINFRA,SM,V.L.INFRAPROJECTS LIMITED,H
VOLERCAR,SM,VOLER CAR LIMITED,H
WOL3D,SM,WOL 3D INDIA LIMITED,H
XTRANET,EQ,XTRANET TECHNOLOGIES LTD,H
757MH31,SG,SDL MH 7.57% 2031,L
ABAN,BE,ABAN OFFSHORE LTD.,L
ABH,ST,ABH HEALTHCARE LIMITED,L
ACCORD,ST,ACCORD SYNERGY LIMITED,L
AKSHARCHEM,BE,AKSHARCHEM INDIA LIMITED,L
ANKITMETAL,BZ,ANKIT MET & POW LTD,L
ANNU,BE,ANNU PROJECTS LIMITED,L
APLAPOLLO,EQ,APL APOLLO TUBES LTD,L
ARCL,EQ,ARCL ORGANICS LTD.,L
ARSHIYA,BZ,ARSHIYA LIMITED,L
AUROIMPEX,SM,AURO IMPEX & CHEMICALS L,L
AUSL,SM,ADITYA ULTRA STEEL LTD,L
BALCO,SM,SOLVE PLASTIC PRODUCTS L,L
BEACON,SM,BEACON TRUSTEESHIP LTD,L
BHADORA,ST,BHADORA INDUSTRIES LTD,L
BIKEWO,ST,BIKEWO GREEN TECH LIMITED,L
BLISSGVS,BE,BLISS GVS PHARMA LTD,L
BLUECOAST,BE,BLUE COAST HOTELS LIMITED,L
BNAGROCHEM,EQ,BN AGROCHEM LTD.,L
CALSOFT,BE,CALIFORNIA SOFTWARE CO LT,L
CPS,SM,C P S SHAPERS LIMITED,L
CRSL,BE,CRESSANDA RAILWAY SOLUT L,L
DHARIWAL,SM,DHARIWALCORP LIMITED,L
DUCON-RE1,BE,DUCON INFRATECH LTD,L
EASTSILK,BE,EASTERN SILK INDUSTRIES L,L
ELITECON,EQ,ELITECON INTERNATIONAL L,L
EMPOWER,EQ,EMPOWER INDIA LTD.,L
EPWINDIA,ST,EPW INDIA LIMITED,L
FASCINATE,ST,FASCINATE TEXTILES LTD,L
FEL,BZ,FUTURE ENTERPRISES LTD,L
FLEXITUFF,BE,FLEXITUFF VENTURES INT L,L
FLFL,BZ,FUT LIFESTYLE FASH LTD,L
FRESHARA,ST,FRESHARA AGRO EXPORTS LTD,L
GANGAFORGE,EQ,GANGA FORGING LIMITED,L
GATECH,BE,GACM TECHNOLOGIES LIMITED,L
GATECHDVR,BE,GACM TECHNOLOGIES LIMITED,L
GIRIRAJ,SM,GIRIRAJ CIVIL DEVP LTD,L
GSMFOILS,SM,GSM FOILS LIMITED,L
GURUNANAK,SM,GURUNANAK AGRICULTUR IN L,L
IDEA,EQ,VODAFONE IDEA LIMITED,L
IL&FSTRANS,BZ,IL&FS TRANS NET LTD,L
INDOTHAI,EQ,INDO THAI SEC LTD,L
JAINAM,SM,JAINAM FER ALLOYS (I) LTD,L
JKIPL,EQ,JINKUSHAL INDUSTRIES LTD,L
KAYNES,EQ,KAYNES TECHNOLOGY IND LTD,L
KJMCFIN,EQ,K J M C FINANCIAL SERV L,L
MAHASTEEL,BE,MAHAMAYA STEEL INDS LTD,L
MEP,BZ,MEP INFRA. DEVELOPERS LTD,L
MIEL,SM,MANGLAM INFRA & ENG LTD,L
MILTON,SM,MILTON INDUSTRIES LIMITED,L
MODISONLTD,EQ,MODISON LIMITED,L
MOS,ST,MOS UTILITY LIMITED,L
NATCAPSUQ,BE,NATURAL CAPSULES LIMITED,L
NIMBSPROJ,EQ,NIMBUS PROJECTS LIMITED,L
NIRAJISPAT,BE,NIRAJ ISPAT IND LTD,L
ONYX,ST,ONYX BIOTEC LIMITED,L
OWAIS,ST,OWAIS METAL & MINERAL,L
PAR,BE,PAR DRUGS AND CHEM LTD,L
PFC,EQ,POWER FIN CORP LTD.,L
PURVFLEXI,SM,PURV FLEXIPACK LIMITED,L
RADIOWALLA,ST,RADIOWALLA NETWORK LTD,L
RAJRILTD,BE,RAJ RAYON INDUSTRIES LTD,L
RAJTV,EQ,RAJ TV NETWORK LTD,L
RCDL,SM,RAJGOR CASTOR DERIVATI L,L
REFRACTORY,SM,REFRACTORY SHAPES LIMITED,L
RELINFRA,BE,RELIANCE INFRASTRUCTU LTD,L
RNBDENIMS,EQ,R&B DENIMS LIMITED,L
SANWARIA,BZ,SANWARIA CONSUMER LIMITED,L
SBILIFE,EQ,SBI LIFE INSURANCE CO LTD,L
SEMAC,EQ,SEMAC CONSTRUCTION LTD,L
SHAHALLOYS,BE,SHAH ALLOYS LIMITED,L
SHRENIK,BZ,SHRENIK LIMITED,L
SIMBHALS,BZ,SIMBHAOLI SUGARS LTD.,L
SKYTECH,SM,SKYTECH INFINITE PLATFM L,L
SUMAX,ST,SUMAX ENGINEERING LIMITED,L
SUPTANERY,BE,SUPER TANNERY LTD.,L
SWASTIK,ST,SWASTIK PIPE LIMITED,L
SWIGGY,EQ,SWIGGY LIMITED,L
SYNOPTICS,ST,SYNOPTICS TECHNOLOGIES L,L
TAKE,EQ,TAKE LIMITED,L
TATASTEEL,EQ,TATA STEEL LIMITED,L
TECHNVISN,EQ,TECHNVISION VENTURES LTD.,L
TGL,ST,TEERTH GOPICON LIMITED,L
TPHQ,BE,TEAMO PRODUCTIONS HQ LTD,L
TVVISION,BE,TV VISION LIMITED,L
USASEEDS,SM,UPSURGE SEEDS OF AGRI LTD,L
VCL,BE,VAXTEX COTFAB LIMITED,L
VEEKAYEM,SM,VEEKAYEM FASH & APP LTD,L
VERITAAS,SM,VERITAAS ADVERTISING LTD,L
VERTEXPLUS,SM,VERTEXPLUS TECHNOLOGIES L,L
VISAMAN,SM,VISAMAN GLOBAL SALES LTD,L
VIVIMEDLAB,BE,VIVIMED LABS LIMITED,L
VMARCIND,SM,V MARC INDIA LIMITED,L
VSCL,SM,VADIVARHE SPCLTY CHEM LTD,L
WEL,EQ,WONDER ELECTRICALS LTD,L
