MARKET,SERIES,SYMBOL,SECURITY,PREV_CL_PR,OPEN_PRICE,HIGH_PRICE,LOW_PRICE,CLOSE_PRICE,NET_TRDVAL,NET_TRDQTY,CORP_IND,TRADES,HI_52_WK,LO_52_WK
N,AZ,1015SCL28B,SEC RE NCD 10.15% SR VII,       720.00,       864.00,       864.00,       864.00,       864.00,                      864.00,1, ,1,      1001.00,       404.00
N,N0,1025PATE28,PATE 10.25% 2028,    101363.78,     99500.00,     99500.00,     99500.00,     99500.00,                    99500.00,1, ,1,    101446.48,     96331.51
N,N0,1025VCCL28,VCCL 10.25% 2028,     94000.00,     95000.00,     96000.00,     95000.00,     96000.00,                  1431000.00,15, ,3,     98747.19,     90000.00
N,N0,1075WCA28,WCAPL 10.75% 2028,      9633.00,      9633.00,      9633.00,      9405.00,      9405.00,                    38304.00,4, ,3,     10129.00,      8190.00
N,N0,1125AFIL29,AFIL 11.25% 2029,      9885.00,      9809.00,      9809.00,      9809.00,      9809.00,                   392360.00,40,XI,2,      9955.00,      9809.00
N,N0,1150AFIL29,AFIL 11.50% 2029,      9909.02,      9903.00,      9909.02,      9903.00,      9903.00,                   208017.18,21,XI,3,      9950.00,      7875.00
N,N0,115VCCL31,VCCL 11.5% 2031,     97500.00,     99000.00,     99000.00,     99000.00,     99000.00,                    99000.00,1, ,1,     99000.00,     96500.00
N,N0,125VCCL31,VCCL 12.5% 2031,     97499.00,     97300.00,     97300.00,     97199.00,     97199.00,                   388998.00,4, ,4,     98449.00,     76800.00
N,N0,1275DCCL28,DCCL 12.75% 2028,      9943.42,      9976.14,      9976.14,      9976.14,      9976.14,                    39904.56,4, ,1,     10000.00,      9000.00
N,N0,12AFIL27,AFIL 12% 2027 SR 1,      9980.84,     10002.20,     10002.20,     10002.20,     10002.20,                    50011.00,5, ,1,     10500.00,      8100.00
N,N0,12AFIL28,AFIL 12% 2028,      9974.00,      9974.00,      9974.00,      9900.00,      9900.00,                   149010.00,15, ,4,     10289.00,      9202.00
N,N0,12VCCL29B,VCCL 12% 2029,     95910.00,     98000.00,     98000.00,     98000.00,     98000.00,                   980000.00,10, ,1,    102000.00,     89900.00
N,N0,905SCL36,SCL 9.05% 2036,    101000.00,    100100.00,    100100.00,    100100.00,    100100.00,                 15015000.00,150, ,1,    101000.00,    100100.00
N,N0,915APSBC28,APSBC 9.15% 2028 STRPP C,    101000.01,    101599.00,    101599.00,    101599.00,    101599.00,                   101599.00,1, ,1,    104000.00,    100000.00
N,N0,915APSBC35,APSBC 9.15% 2035 STRPP J,    104450.02,    105125.00,    105125.00,    105125.00,    105125.00,                   105125.00,1, ,1,    119560.00,    102000.00
N,N0,925IIFL32A,IIFL 9.25% 2032 SR 35,    100000.00,    100000.00,    100000.00,    100000.00,    100000.00,                   100000.00,1, ,1,    100000.00,    100000.00
N,N0,930APMD32,APMD 9.30% 2032 STRPP F,    103201.01,    105490.00,    105500.00,    105490.00,    105495.00,                   210990.00,2, ,2,    106000.00,    100475.00
N,N0,965ISF28,ISF 9.65% 2028,     99000.00,     99000.00,     99000.00,     99000.00,     99000.00,                    99000.00,1, ,1,    101112.81,     98027.40
N,N0,975ISF28,ISF 9.75% NCD 2028,     99599.00,     99000.00,     99000.00,     99000.00,     99000.00,                   693000.00,7, ,7,    112828.99,     86000.00
N,N1,1015SCL29B,SEC RE NCD 10.15% SR VII,      1094.55,      1105.38,      1105.38,      1105.38,      1105.38,                     1105.38,1, ,1,      1105.38,       972.00
N,N1,1025UCL26A,SEC RE NCD 10.25% SR II,       990.01,      1000.12,      1000.12,       999.70,       999.70,                     5000.18,5, ,2,      1090.70,       950.00
N,N1,735PFCL35,7.35% TAX FREE NCD,      1169.80,      1202.10,      1202.10,      1202.10,      1202.10,                   925617.00,770, ,1,      1202.10,      1169.80
N,N1,79NHIT35,SEC RE NCD 7.90% STRPP A,       311.01,       311.25,       311.25,       311.25,       311.25,                    15562.50,50, ,1,       342.10,       300.00
N,N1,888ECL28,ECL 8.88% 2028 SR V,       984.01,       987.05,       987.05,       980.01,       982.10,                   403203.89,410, ,13,      1028.00,       785.00
N,N1,89IHFL29,SEC RE NCD 8.90% SR VI,       975.00,       980.00,       980.00,       980.00,       980.00,                   117600.00,120, ,5,       998.50,       822.80
N,N1,902SCL28,SCL 9.02% SR V,       998.00,      1000.64,      1000.64,      1000.64,      1000.64,                    75048.00,75,XI,2,      1018.68,       822.00
N,N1,948SCL27D,SEC RE NCD 9.48% SR V,       981.00,      1060.00,      1060.00,      1060.00,      1060.00,                     3180.00,3, ,1,      1080.60,       904.00
N,N1,971SCL30,SCL 9.71% SR VIII,      1029.00,      1021.52,      1021.52,      1021.52,      1021.52,                   106238.08,104,XI,3,      1029.84,       901.20
N,N1,99SCL27V,SCL 9.90% 2027 SR IV,      1005.00,      1041.80,      1060.00,      1024.00,      1060.00,                  1580535.60,1525, ,5,      1060.00,       920.50
N,N2,738REC27TF,TAXFREE SEC NCD TR1 S2,      1075.00,      1075.00,      1075.00,      1075.00,      1075.00,                   215000.00,200, ,1,      1109.90,      1032.00
N,N2,764NABAR31,7.64% TAX FREE TRI SRIIB,      1119.00,      1110.10,      1118.00,      1110.07,      1118.00,                  1034878.00,931, ,13,      1165.00,      1072.50
N,N2,79NHIT40,SEC RE NCD 7.90% STRPP B,       312.00,       312.00,       312.00,       312.00,       312.00,                      312.00,1, ,1,       372.00,       303.02
N,N2,810IRFC27,BOND 8.10% PA TAX FREE S2,      1083.00,      1082.00,      1082.00,      1082.00,      1082.00,                   108200.00,100, ,2,      1120.70,      1028.60
N,N2,82HUDCO27,8.20 NCD05MAR27 FV 1000,      1058.75,      1058.75,      1058.75,      1053.01,      1053.01,                    31672.06,30, ,5,      1129.00,      1019.00
N,N2,830NHAI27,BOND 8.30% PA TAX FREE S2,      1086.06,      1086.07,      1088.00,      1086.06,      1086.40,                   775163.18,713, ,18,      1130.00,      1026.01
N,N2,855IREDA29,IREDA 8.55NCDTR I SR II A,      1101.20,      1110.10,      1110.10,      1110.10,      1110.10,                     5550.50,5, ,1,      1250.00,      1082.00
N,N3,0MOFSL27,SEC RE NCD SR IV,      1215.00,      1215.00,      1215.00,      1210.00,      1210.50,                    36315.00,30, ,2,      1225.81,      1107.00
N,N3,10ISFL26,SEC RE NCD 10% SR 4,      1066.80,      1066.80,      1066.80,      1066.80,      1066.80,                    26670.00,25, ,1,      1085.00,       976.00
N,N3,79NHIT47,SEC RE NCD 7.90% STRPP C,       416.53,       417.50,       418.00,       417.50,       418.00,                   302871.00,725, ,4,       459.19,       402.07
N,N3,IMC1,SEC RE NCGB 8.25% STRPP D,       256.50,       250.00,       251.00,       250.00,       251.00,                     2005.00,8, ,2,       263.95,       239.89
N,N4,10IIFL28,UNSEC RE NCD 10% SR.I,      1009.99,      1007.00,      1009.75,      1000.00,      1000.00,                   809928.41,807, ,9,      1089.99,       961.00
N,N4,865SCL27,SCL 8.65% 2027 SR II,      1001.00,      1001.00,      1001.00,      1001.00,      1001.00,                     3003.00,3, ,1,      1005.00,       905.20
N,N4,888SCL25E,SEC RE NCD 10.25% SR XII,       939.00,       915.00,       915.20,       915.00,       915.20,                    68633.00,75, ,3,      1130.00,       680.40
N,N4,891IIFCL34,8.91% TAX FREE NCD,      1255.01,      1255.01,      1270.00,      1255.01,      1270.00,                   136811.08,109, ,2,      1348.00,      1210.41
N,N4,965AEL27,SEC RE NCD 9.65% SR IV,      1011.50,      1012.00,      1012.00,      1009.05,      1012.00,                   124464.15,123, ,11,      1140.00,       984.70
N,N5,879NHPC28,8.79% SEC RED BOND S2B,      1110.00,      1110.00,      1110.00,      1110.00,      1110.00,                   884670.00,797, ,3,      1273.75,      1062.26
N,N5,96IIFL28,UNSEC RE NCD 9.60% SR.II,      1004.00,      1004.00,      1004.00,      1000.04,      1002.24,                  5289975.43,5282, ,83,      1007.00,       810.60
N,N5,AEL120924A,SEC RE NCD SR V,      1185.00,      1200.00,      1200.00,      1200.00,      1200.00,                    37200.00,31, ,3,      1296.00,      1081.00
N,N6,10IIFL29,UNSEC RED NCD 10.0% SR. V,      1020.00,      1024.00,      1024.00,      1024.00,      1024.00,                    20480.00,20, ,1,      1050.00,       975.50
N,N6,875NHAI29,8.75% TAX FREE TR I S IIB,      1115.00,      1052.00,      1119.99,      1052.00,      1118.24,                   490890.70,440, ,10,      1250.00,      1052.00
N,N6,880IREDA34,IREDA 8.80NCDTR I SR IIIB,      1280.00,      1250.00,      1250.00,      1250.00,      1250.00,                   125000.00,100, ,1,      1320.00,      1195.40
N,N6,891NTPC33,8.91%S-R-NCD SERIES 3B,      1280.00,      1248.00,      1284.90,      1248.00,      1273.74,                   224128.66,176, ,6,      1338.00,      1208.60
N,N6,892NHPC33,8.92% SEC RED BOND S3B,      1260.00,      1260.00,      1260.00,      1260.00,      1260.00,                   882000.00,700, ,10,      1520.00,      1181.12
N,N6,893NHB29,NHB 8.93 NCD TR II SR 2 B,      5600.00,      5600.00,      5600.00,      5600.00,      5600.00,                   207200.00,37, ,5,      6005.00,      5405.10
N,N6,901NHB34,BOND 9.01%PA TF TR-I S 3B,      6384.00,      6380.00,      6380.00,      6365.00,      6378.63,                   133965.00,21, ,3,      7390.00,      6030.10
N,N7,898LTF29,SERENCD 8.98% SR.VI OP2,      1066.01,      1067.01,      1072.00,      1066.01,      1072.00,                   126068.72,118, ,5,      1182.00,      1040.00
N,N7,990SCL26,SEC RE NCD 9.90% SR IV,       399.80,       365.80,       365.80,       365.80,       365.80,                     5487.00,15, ,2,       839.70,       290.00
N,N7,99AEL29,SEC RE NCD 9.90% SR VII,      1051.00,      1055.00,      1055.00,      1055.00,      1055.00,                     5275.00,5, ,1,      1169.00,      1015.00
N,N8,764HUDCO31,7.64% TAX FREETRI SR2B,      1118.00,      1130.00,      1130.00,      1125.00,      1125.00,                   353435.00,313, ,5,      1175.00,      1083.00
N,N8,81TCHF28,SEC RED NCD 8.10% SR.IV,      1010.00,      1014.80,      1014.80,      1014.40,      1014.40,                   126809.00,125, ,3,      1107.50,       986.70
N,N8,840IRFC29,BOND 8.40% PA TF TI-SIIA,      1097.10,      1307.80,      1307.80,      1307.80,      1307.80,                     6539.00,5, ,1,      1307.80,      1074.40
N,N8,865TCAPS27,SERENCD8.65%SR.IIICIII&IV,      1011.00,      1011.00,      1011.00,      1009.05,      1009.05,                    11119.05,11, ,2,      1150.50,       980.96
N,N8,892PFCL33,8.92% TAX FREE NCD,      1286.87,      1276.05,      1276.05,      1276.05,      1276.05,                    12760.50,10, ,1,      1343.00,      1219.99
N,N9,769HUDCO31,7.69% TAX FREETRII SR2B,      1139.50,      1136.50,      1136.80,      1136.10,      1136.80,                   363570.00,320, ,6,      1173.00,      1076.40
N,N9,871REC28,BOND 8.71% TAX FREE S2B,      1122.06,      1120.50,      1121.50,      1120.50,      1121.42,                   249973.70,223, ,5,      1179.99,      1075.00
N,N9,885SCL26,SEC RED NCD 8.85% SR. VI,      1077.02,      1078.33,      1080.00,      1077.00,      1077.00,                  3233350.28,3000, ,60,      1080.01,       952.57
N,NA,76NHAI31,TAX FREE7.60% SR.IIB,      1109.60,      1110.05,      1111.00,      1110.05,      1110.10,                   108829.55,98, ,7,      1159.99,      1075.10
N,NA,865IRFC29,BOND 8.65% PA TF TI-SIIB,      1108.00,      1108.00,      1108.00,      1107.00,      1107.00,                    22150.00,20, ,2,      1182.95,      1060.00
N,NA,910TCAP28,UNSERENCD9.1%SRIIICIII&IV,      1114.99,      1107.00,      1107.00,      1107.00,      1107.00,                     1107.00,1, ,1,      1157.00,      1032.00
N,NA,9PFL31A,SEC RE NCD 9% SR.V,      1038.00,      1038.00,      1038.00,      1038.00,      1038.00,                    20760.00,20, ,1,      1380.00,       996.00
N,NA,9SCL26BA,SEC RED NCD 9.0% SR. VI,      1081.00,      1082.00,      1083.25,      1082.00,      1083.25,                    64938.75,60, ,2,      1083.25,       966.22
N,NB,885AEL28,AEL 8.85% 2028 SR III,      1035.00,      1030.00,      1030.00,      1030.00,      1030.00,                    25750.00,25, ,1,      1130.00,       986.38
N,NB,96SFIL24A,SERENCD8.84%SRVICIII&IV,       992.76,       992.00,       992.00,       992.00,       992.00,                   248992.00,251, ,3,      1122.84,       850.00
N,NB,TCHF30,UN SE RE NCD 8.55% SR.VI,      1090.00,      1090.00,      1090.00,      1090.00,      1090.00,                    10900.00,10, ,1,      1200.00,      1015.00
N,NC,1065NFL27,SEC RE NCD 10.65% SR.IV,      1010.99,      1011.00,      1011.00,      1011.00,      1011.00,                   435741.00,431, ,21,      1200.00,       851.00
N,NC,843IHFL29,SEC RE NCD 8.43% SR.VI,       982.00,       982.00,       985.00,       982.00,       985.00,                    37373.00,38, ,2,      1000.00,       862.01
N,NC,885TCAPS29,UNSERENCD8.85%SRIVCIII&IV,      1040.00,      1021.00,      1021.00,      1021.00,      1021.00,                     1021.00,1, ,1,      1190.00,       955.00
N,NC,915AEL28,AEL 9.15% 2028 SR IV,      1025.00,      1025.00,      1025.00,      1019.22,      1019.22,                   318711.42,311, ,4,      1098.99,      1003.91
N,ND,762NTPC35F,TFB 7.62% 2035 SR. 3B,      1221.06,      1217.00,      1217.00,      1217.00,      1217.00,                   191069.00,157, ,3,      1270.00,      1152.00
N,ND,876HUDCO28,8.76% TAX FREETRI SR2B,      1133.51,      1135.98,      1135.98,      1134.00,      1135.00,                   533130.50,470, ,8,      1178.89,      1072.00
N,ND,970CAGL28,SEC RE NCD 9.70% SR VII,      1021.00,      1021.90,      1021.90,      1021.00,      1021.00,                   305292.40,299, ,12,      1120.00,       983.00
N,ND,AEL170725,AEL 0% 2028 SR V,      1095.00,      1095.00,      1095.00,      1095.00,      1095.00,                    38325.00,35, ,2,      1137.00,      1000.00
N,NE,10IIFL28A,UNSE RE NCD 10% SR.I,      1042.46,      1043.52,      1047.94,      1043.50,      1046.98,                   805920.02,770, ,6,      1120.80,       950.00
N,NE,769NHAI31,TAX FREE 7.69% SR. IIB,      1152.25,      1153.00,      1154.00,      1153.00,      1153.00,                  1308685.00,1135, ,5,      1170.00,      1087.19
N,NE,901HUDCO34,9.01% TAX FREETRII SR3B,      1284.99,      1284.00,      1284.00,      1278.00,      1280.00,                   431900.45,337, ,13,      1345.00,      1217.10
N,NE,915SCL26,UNS RED NCD 9.15% SR.IX,      1083.99,      1083.99,      1083.99,      1083.99,      1083.99,                   114902.94,106, ,3,      1084.45,       925.41
N,NE,9AEL30,AEL 9% 2030 SR VI,      1050.01,      1049.85,      1050.85,      1049.85,      1050.85,                    10503.50,10, ,2,      1110.00,       996.00
N,NE,PFCL41A,PFCL 0% 2041 SR V,      1000.00,      1000.00,      1000.01,      1000.00,      1000.00,                    85000.25,85, ,5,      1000.01,       900.00
N,NF,930AEL30,AEL 9.3% 2030 SR VII,      1040.00,      1040.00,      1045.00,      1037.00,      1045.00,                    21815.00,21, ,3,      1122.00,      1005.00
N,NF,96IIFL28A,UNSE RE NCD 9.6% SR.II,      1004.68,      1004.00,      1004.00,      1002.80,      1003.63,                   620793.96,619, ,12,      1010.00,       890.00
N,NG,AEL170725A,AEL 0% 2030 SR VIII,      1104.94,      1095.00,      1095.00,      1095.00,      1095.00,                   109500.00,100, ,1,      1107.29,       951.01
N,NG,IIFLZC28,UNSE RE NCD 0% SR.III,      1668.95,      1659.70,      1659.70,      1659.70,      1659.70,                   165970.00,100, ,3,      1679.00,      1429.00
N,NH,1050UCL28,UCL 10.50% SR V,      1010.05,      1015.00,      1015.00,      1015.00,      1015.00,                   313635.00,309, ,3,      1045.00,       953.60
N,NH,860AEL28,AEL 8.60% 2028 SR I,      1060.00,      1035.70,      1060.00,      1035.20,      1060.00,                   529572.70,500, ,12,      1080.00,       897.97
N,NJ,753IRFC30,TAX FREE  7.53% SR. 103 A,      1138.89,      1137.00,      1137.99,      1137.00,      1137.00,                   115974.99,102, ,4,      1159.99,      1074.00
N,NJ,943ECL28,SEC RED NCD 9.43% SR. VI,      1009.90,      1003.01,      1003.01,      1003.00,      1003.00,                   559679.10,558, ,5,      1189.00,       896.00
N,NK,875AEL29,AEL 8.75% 2029 SR IV,      1053.00,      1053.00,      1053.00,      1053.00,      1053.00,                   568620.00,540, ,11,      1121.20,       994.00
N,NK,985ECL28,SEC RED NCD 9.85% SR. VII,      1002.52,      1004.69,      1004.69,      1003.05,      1003.99,                   521923.40,520, ,35,      1235.00,       878.00
N,NL,797IGT31,SEC RE NCD 7.97% SR.VI,      1010.00,      1017.80,      1017.80,      1015.00,      1017.80,                   177879.00,175, ,9,      1115.00,       986.15
N,NL,842IIFL26,SEC RE NCD 8.42% SR.V,       996.00,       999.98,       999.98,       998.00,       998.00,                   379457.80,380, ,6,      1008.99,       889.00
N,NM,862AEL31,AEL 8.62% 2031 SR VI,      1015.00,      1025.00,      1025.00,      1025.00,      1025.00,                    11275.00,11, ,3,      1108.00,       998.00
N,NM,995SCL2035,SCL 9.95% 2035 SR XII,      1000.00,      1016.00,      1016.00,      1000.00,      1008.64,                    50432.00,50, ,2,      1150.00,       903.00
N,NN,865LTF26,SERENCD 8.65% SR.VI OP12,      1060.00,      1065.00,      1065.00,      1065.00,      1065.00,                    10650.00,10, ,1,      1100.00,      1005.00
N,NN,890AEL31,AEL 8.90% 2031 SR VII,      1055.05,      1056.90,      1056.90,      1056.00,      1056.90,                    26415.30,25, ,3,      1108.02,       994.00
N,NN,948SCL26A,SEC RE NCD 9.48% SR V,       333.90,       398.39,       398.39,       325.55,       325.55,                   465906.13,1170, ,3,       799.00,       303.30
N,NR,1015ECL29,SEC RED NCD 10.15% SR. VI,      1019.00,      1017.00,      1022.90,      1015.60,      1017.00,                   722424.32,710, ,17,      1114.12,       999.25
N,NR,1015SCL28,SEC RE NCD 10.15% SR VII,       900.00,      1000.00,      1000.00,      1000.00,      1000.00,                     6000.00,6, ,2,      1000.00,       610.20
N,NS,1060ECL29,SEC RED NCD 10.6% SR. VII,      1088.50,      1069.50,      1069.50,      1069.50,      1069.50,                   117645.00,110, ,1,      1288.00,       993.00
N,NS,865IIFL28,SEC RE NCD 8.65% SR.V,       993.76,       992.00,       992.50,       985.00,       991.00,                   334967.70,338, ,9,      1003.98,       890.00
N,NX,1003SFIL28,SEC RE NCD 10.50% SR.VII,       446.41,       411.00,       411.00,       411.00,       411.00,                     1644.00,4, ,1,       822.00,       400.00
N,NZ,865IFL28,SEC RE NCD 8.65% SR.V,       985.00,       985.00,       990.00,       985.00,       986.01,                   666253.75,675, ,4,      1000.00,       961.00
N,NZ,965SCL25F,SEC RE NCD 10.25% SR XII,       875.00,       840.00,       840.00,       840.00,       840.00,                    16800.00,20, ,1,      1150.00,       750.40
N,Y1,IIFLZC28B,SEC RE NCD 0% SR.VII,      1272.00,      1275.00,      1275.00,      1275.00,      1275.00,                    25500.00,20, ,1,      1288.90,      1123.00
N,Y9,9IIFL31,IIFL 9.00% TR I SR VI,      1014.00,      1021.00,      1021.00,      1021.00,      1021.00,                   153150.00,150, ,1,      1078.00,       931.59
N,YA,IIFL060326,IIFL TR I SR VII,      1019.00,      1012.00,      1012.00,      1012.00,      1012.00,                    45540.00,45, ,1,      1040.00,       931.98
N,YC,889SCFL27,SEC RE NCD 8.89% SR.VIII,       993.47,       999.00,       999.00,       991.20,       991.20,                    28822.86,29, ,3,      1000.00,       925.20
N,YI,875SCL23A,SEC RE NCD 10.03% SR X,      1010.00,      1010.00,      1010.00,      1010.00,      1010.00,                    97970.00,97, ,2,      1010.00,       901.20
N,YI,903SFL28,SEC RED NCD 9.03% SR. II,      1030.00,      1036.00,      1036.00,      1036.00,      1036.00,                    10360.00,10, ,1,      1078.00,      1020.00
N,YP,930SFL28,SEC RED NCD 9.30% SR. II,      1050.00,      1040.00,      1040.00,      1040.00,      1040.00,                    13520.00,13, ,1,      1190.00,       898.20
N,YW,957ICCL25,SEC RED NCD 9.30% SR. II,      1042.50,      1041.50,      1042.00,      1041.50,      1042.00,                   469941.50,451, ,6,      1148.00,      1025.00
N,YZ,97SFL29,SEC RED NCD 9.70% SR. V,      1091.00,      1091.55,      1091.55,      1091.55,      1091.55,                   218310.00,200, ,2,      1185.00,      1008.00
N,ZF,875SFL27,SEC RED NCD 8.75% SR.III,      1000.20,      1010.00,      1010.00,      1010.00,      1010.00,                     3030.00,3, ,1,      1096.75,       974.53
