SECURITY,NEW,PREVIOUS,NEW_STATUS
ACME SOLAR HOLDINGS LTD       ,430.50,411.50,H
AKIKO GLOBAL SERVICES L       ,419.00,413.00,H
ANTHEM BIOSCIENCES LTD        ,973.50,955.00,H
APSIS AEROCOM LIMITED         ,611.30,599.35,H
ASIAN ENERGY SERVICES LTD     ,538.00,528.40,H
BAHETI RECYCLING IND LTD      ,881.00,875.00,H
BIO MEDICA LABORATORIES L     ,181.00,166.65,H
BIRLA PRECISION TECH L        ,59.79,51.67,H
BLISS GVS PHARMA LTD          ,671.30,665.00,H
BLUSPRING ENTERPRISES LTD     ,139.80,136.67,H
CORDS CABLE INDUS LTD.        ,330.00,329.30,H
CRAFTSMAN AUTOMATION LTD      ,11539.00,11500.00,H
CURIS LIFESCIENCES LTD        ,153.50,150.35,H
CYIENT DLM LIMITED            ,894.00,883.80,H
DAI-ICHI KARKARIA LTD.        ,374.70,369.90,H
DEEP INDUSTRIES LIMITED       ,793.70,749.00,H
DIFFUSION ENGINEERS LTD       ,519.90,493.20,H
ENTERO HEALTHCARE SOLU L      ,1868.90,1863.00,H
ESDS SOFTWARE SOLUTION L      ,908.40,429.00,H
GLOBAL PET INDUSTRIES LTD     ,165.00,164.75,H
GRETEX CORPORATE SERVICES     ,596.85,591.80,H
HALDYN GLASS LTD.             ,149.25,146.00,H
HOAC FOODS INDIA LIMITED      ,1010.00,965.00,H
INNOMET ADVANCED MATERI L     ,282.45,276.95,H
INOX INDIA LIMITED            ,2320.00,2267.90,H
KANCO TEA & INDS. LTD.        ,58.40,58.00,H
KARNATAKA BANK LIMITED        ,345.90,342.50,H
KSH INTERNATIONAL LIMITED     ,1098.00,1059.90,H
KSHITIJ POLYLINE LTD          ,0.08,0.07,H
LALITHAA JEWELLERY MART L     ,308.30,283.65,H
LENSKART SOLUTIONS LTD        ,694.80,681.65,H
LUMINO INDUSTRIES LIMITED     ,122.00,118.99,H
MAN INDUSTRIES (I) LTD.       ,807.75,799.00,H
MENON BEARINGS LIMITED        ,323.95,308.55,H
MINAL INDUSTRIES LTD.         ,5.35,5.10,H
ONIX SOLAR ENERGY LTD.        ,403.20,393.95,H
OPTIMUS FINANCE LTD.          ,15.87,15.79,H
PETRO CARBON AND CHEMI L      ,444.95,444.00,H
PRIORITY JEWELS LIMITED       ,241.50,200.00,H
PRIZOR VIZTECH LIMITED        ,1200.40,1176.90,H
PTC INDUSTRIES LIMITED        ,24125.00,24000.00,H
RAGHAV PRODUCTIVITY ENH L     ,1943.70,1900.00,H
RAJPUTANA STAINLESS LTD       ,184.89,183.53,H
S A B INDUSTRIES LTD.         ,183.75,178.50,H
S V GLOBAL MILL LTD.          ,172.81,144.98,H
SEAMEC LIMITED                ,1804.00,1794.90,H
SHIVALIK BIMETAL CON. LTD     ,1215.70,1155.90,H
SHREE GANESH REMEDIES LTD     ,717.00,700.05,H
SHREEJI GLOBAL FMCG LTD       ,208.95,193.00,H
SHREEJI SHIPPING GLOBAL L     ,684.00,681.55,H
SHRI VASUPRADA PLANTATI L     ,107.10,102.00,H
SHRIRAM - LIQUIDSHRI          ,1120.33,1119.97,H
SHUKRA PHARMACEUTICALS L      ,55.54,54.90,H
SILKFLEX POLYMERS INDIA L     ,288.30,274.60,H
SIMPLEX REALTY LTD.           ,143.98,139.50,H
SML MAHINDRA LIMITED          ,6298.50,5987.90,H
SOLAR INDUSTRIES (I) LTD      ,21695.00,21645.00,H
SRI KPR INDUSTRIES LTD.       ,36.80,33.46,H
STANDARD ENGNG TCNLGY LTD     ,410.70,393.65,H
SUDEEP PHARMA LIMITED         ,1357.40,1295.70,H
SUNSHINE PICTURES LIMITED     ,476.85,473.80,H
T G V SRAAC LTD.              ,114.24,111.50,H
TAMILNAD MERCA BANK LTD       ,949.95,947.50,H
TANKUP ENGINEERS LIMITED      ,1639.00,1608.35,H
TRIB BHIMJI ZAVERI LTD        ,480.85,457.15,H
TUTICORIN ALKAL CH & FE L     ,62.90,62.70,H
UNITED HEAT TRANSFER LTD      ,158.40,155.30,H
USHA MARTIN LTD.              ,529.30,527.50,H
VICEROY HOTELS LTD            ,0.49,0.35,H
WELSPUN ENTERPRISES LTD.      ,825.00,768.00,H
XTRANET TECHNOLOGIES LTD      ,234.24,207.41,H
ZERODHAAMC - LIQUIDCASE       ,115.81,115.77,H
ABH HEALTHCARE LIMITED        ,80.70,84.90,L
ANNU PROJECTS LIMITED         ,68.23,70.00,L
ARCL ORGANICS LTD.            ,216.89,220.15,L
ASTRON PAPER BORD MIL LTD     ,2.88,2.89,L
BN AGROCHEM LTD.              ,215.40,217.51,L
CAPTAIN POLYPLAST LIMITED     ,61.45,61.52,L
CEINSYS TECH LIMITED          ,672.00,675.00,L
CREDENT CONNECT N CARE L      ,311.00,325.70,L
CRIZAC LIMITED                ,159.95,161.66,L
DAVANGERE SUGAR COMPANY L     ,1.94,1.95,L
DRONE DESTINATION LIMITED     ,32.00,33.00,L
DSPAMC - FMCGADD              ,46.11,46.15,L
DSPAMC - GSEC10ADD            ,26.48,26.49,L
DUCON INFRATECH LTD           ,0.39,0.65,L
ELITECON INTERNATIONAL L      ,8.68,9.13,L
ESDS SOFTWARE SOLUTION L      ,756.00,429.00,L
FASCINATE TEXTILES LTD        ,72.55,76.35,L
FLEXITUFF VENTURES INT L      ,2.28,2.34,L
FUTURE ENTERPRISES LTD        ,2.10,2.12,L
GRAPHISADS LIMITED            ,25.10,25.15,L
GROWWAMC - SMALLGROWW         ,39.41,45.00,L
HY-TECH ENGINEERS LIMITED     ,71.10,71.25,L
INDO US BIOTECH LTD           ,70.00,74.98,L
INTERIORS & MORE LIMITED      ,141.05,147.00,L
INVESCO INDIA NIFTY ETF       ,267.79,268.61,L
JIWANRAM SHEODUTTRA IND L     ,4.30,4.35,L
KOTHARI INDUSTRIAL CORP L     ,130.25,133.51,L
LADDERUP FINANCE LTD.         ,42.70,47.00,L
LANDSMILL GREEN LIMITED       ,0.63,0.67,L
MOS UTILITY LIMITED           ,7.55,7.90,L
NIMBUS PROJECTS LIMITED       ,144.34,151.93,L
OPTIMYSTIX ENT INDIA LTD      ,140.00,140.35,L
PHANTOM DIGITAL EFF LTD       ,112.25,112.70,L
PREMIER ROADLINES LIMITED     ,37.60,38.50,L
PRIORITY JEWELS LIMITED       ,230.00,200.00,L
QUICKTOUCH TECHNOLOGIES L     ,14.70,15.25,L
RAJ TV NETWORK LTD            ,8.07,8.49,L
RAJGOR CASTOR DERIVATI L      ,14.10,14.25,L
RDB REAL ESTATE CONS L        ,129.99,130.00,L
RKEC PROJECTS LIMITED         ,19.90,21.04,L
SHILP GRAVURES LTD.           ,143.00,148.00,L
SHIVA CEMENT LTD.             ,15.40,15.55,L
SKYTECH INFINITE PLATFM L     ,40.05,44.50,L
TCC CONCEPT LIMITED           ,43.80,218.05,L
TOYAM SPORTS LTD.             ,0.60,0.61,L
TRITON VALVES LTD.            ,1100.00,1101.10,L
VIBRANT GLOBAL CAPITAL L      ,51.07,52.00,L
VINIT MOBILE LIMITED          ,58.85,59.90,L
YASONS CHEMEX CARE LTD        ,8.40,8.55,L
