MARKET,SERIES,SYMBOL,SECURITY,PREV_CL_PR,OPEN_PRICE,HIGH_PRICE,LOW_PRICE,CLOSE_PRICE,NET_TRDVAL,NET_TRDQTY,CORP_IND,HI_52_WK,LO_52_WK
N,SM,AAKAAR,AAKAAR MEDICAL TECHNO LTD,        63.00,        61.30,        62.90,        61.30,        62.70,                   698800.00,11200, ,        96.00,        46.00
N,SM,AARADHYA,AARADHYA DISPOSAL INDUS L,       100.75,        97.00,       110.80,        97.00,       110.80,                 41959320.00,398400, ,       182.00,        64.20
N,SM,AATMAJ,AATMAJ HEALTHCARE LIMITED,        18.25,        18.25,        18.25,        18.25,        18.25,                    36500.00,2000, ,        25.50,        16.70
N,ST,ABH,ABH HEALTHCARE LIMITED,        84.90,        80.70,        80.70,        80.70,        80.70,                 11136600.00,138000, ,        99.00,        80.70
N,SM,ABHAPOWER,ABHA POWER N STEEL LTD,        23.95,        24.00,        24.75,        23.10,        24.60,                   570560.00,24000, ,        48.80,        23.00
N,SM,AILIMITED,ABHISHEK INTEGRATIONS LTD,        21.25,        22.25,        22.25,        22.25,        22.25,                   200250.00,9000, ,        47.50,        17.15
N,SM,ABSMARINE,ABS MARINE SERVICES LTD,       307.15,       314.80,       344.00,       312.00,       337.90,                114435100.00,343500, ,       344.00,       143.05
N,SM,ACCENTMIC,ACCENT MICROCELL LIMITED,       607.40,       612.00,       619.00,       608.70,       617.80,                 34771325.00,56500, ,       621.00,       238.00
N,ST,ACCORD,ACCORD SYNERGY LIMITED,       198.35,       188.45,       188.45,       188.45,       188.45,                   376900.00,2000, ,       211.00,        19.85
N,ST,ACCPL,ACCRETION PHARMA LIMITED,       202.00,       202.00,       202.00,       200.00,       200.00,                  2660400.00,13200, ,       214.70,        53.80
N,SM,ACETEC,ACETECH E-COMMERCE LTD,       139.00,       139.00,       139.00,       139.00,       139.00,                   166800.00,1200, ,       164.00,       111.80
N,SM,ADDICTIVE,ADDICTIVE LEARNING TECH L,        43.00,        43.00,        44.75,        43.00,        43.30,                   369500.00,8500, ,       152.05,        37.15
N,SM,ADISOFT,ADISOFT TECHNOLOGIES LTD,       200.00,       199.00,       208.00,       199.00,       206.25,                 10136560.00,49600, ,       280.00,       170.00
N,SM,AUSL,ADITYA ULTRA STEEL LTD,        25.80,        24.55,        24.55,        24.55,        24.55,                    49100.00,2000, ,        40.65,        17.35
N,SM,AERON,AERON COMPOSITE LIMITED,        78.80,        78.80,        83.00,        78.80,        83.00,                  2039450.00,25000, ,       124.00,        70.00
N,SM,AESTHETIK,AESTHETIK ENGINEERS LTD,        70.00,        69.00,        69.90,        68.70,        69.80,                   415850.00,6000, ,       155.60,        59.60
N,SM,AGARWALTUF,AGARWAL TOUGH GLASS IND L,       136.30,       138.45,       140.90,       137.75,       140.60,                  6638700.00,48000, ,       174.05,        81.00
N,ST,AHIMSA,AHIMSA INDUSTRIES LTD.,        25.80,        25.75,        25.75,        25.75,        25.75,                  5948250.00,231000, ,        28.50,        22.60
N,SM,AIMTRON,AIMTRON ELECTRONICS LTD,      1620.35,      1631.90,      1631.90,      1579.00,      1582.60,                 29719650.00,18600, ,      1780.00,       665.00
N,SM,AKANKSHA,AKANKSHA POWER N INFRA L,       130.20,       130.25,       136.70,       127.25,       136.70,                  7385900.00,55000, ,       139.50,        57.00
N,SM,AKIKO,AKIKO GLOBAL SERVICES L,       404.00,       398.05,       419.00,       398.05,       416.15,                 11153280.00,27200, ,       419.00,       164.85
N,SM,ALCODIS,ALCOKRAFT DISTILLERIE LTD,        71.85,        65.05,        70.75,        65.05,        68.40,                   295437.50,4375, ,       154.00,        49.00
N,SM,ALLETEC,ALL E TECHNOLOGIES LTD,       133.25,       135.90,       137.65,       135.90,       137.25,                  3068160.00,22400, ,       309.90,       115.80
N,SM,ALPEXSOLAR,ALPEX SOLAR LIMITED,       877.75,       877.65,       905.00,       864.95,       889.30,                 90475475.00,101900, ,      1374.85,       660.00
N,SM,ALUWIND,ALUWIND INFRA-TECH LTD,        48.50,        48.50,        49.40,        47.55,        49.20,                   437775.00,9000, ,        95.80,        40.00
N,SM,AMBAAUTO,AMBA AUTO SALES AND SER L,       109.55,       113.90,       113.90,       109.55,       110.50,                 14017200.00,126000, ,       137.50,        63.60
N,SM,AMEYA,AMEYA PRECISION ENG LTD,       107.15,       107.15,       107.15,       107.15,       107.15,                   214300.00,2000, ,       128.45,        86.00
N,SM,ANAWIL,ANAWIL WIRE AND ENGIN LTD,       382.50,       379.80,       393.90,       369.00,       382.40,                117413600.00,308800, ,       491.95,       313.20
N,SM,AMCL,ANB METAL CAST LIMITED,       363.50,       357.00,       370.00,       357.00,       370.00,                   583960.00,1600, ,       554.00,       180.00
N,SM,AISL,ANI INTEGRATED SERV LTD.,        57.10,        59.95,        59.95,        55.90,        59.95,                  2689890.00,45000, ,       105.10,        49.00
N,SM,ANLON,ANLON TECHNOLOGY SOL LTD,       658.00,       658.00,       673.95,       658.00,       670.00,                  4542580.00,6800, ,       748.00,       335.00
N,SM,ANONDITA,ANONDITA MEDICARE LIMITED,      1099.90,      1105.00,      1144.80,      1105.00,      1109.55,                 79668500.00,71200, ,      1316.00,       261.75
N,SM,ANYA,ANYA POLYTECH & FERTI LTD,        15.05,        15.30,        15.30,        15.30,        15.30,                    76500.00,5000, ,        25.45,        14.15
N,ST,APEXECO,APEX ECOTECH LIMITED,       265.00,       251.90,       278.20,       251.90,       278.20,                  2786800.00,10400, ,       297.15,       102.05
N,SM,APRAMEYA,APRAMEYA ENGINEERING LTD,       120.30,       120.00,       120.50,       115.00,       116.50,                  2482975.00,21000, ,       360.00,       114.25
G,ST,APSISAERO,APSIS AEROCOM LIMITED,       599.35,       611.30,       611.30,       611.30,       611.30,                  1467120.00,2400, ,       611.30,       147.20
N,SM,ARCIIL,ARC INSULATION & INSU LTD,        37.90,        37.20,        37.20,        36.00,        36.95,                   147150.00,4000, ,       136.50,        34.50
N,SM,ARHAM,ARHAM TECHNOLOGIES LTD,       214.45,       215.00,       215.00,       208.00,       213.95,                 17230900.00,81000, ,       223.75,        93.55
N,SM,ARIHANTACA,ARIHANT ACADEMY LIMITED,       496.00,       495.00,       500.00,       495.00,       498.25,                  1793780.00,3600, ,       555.00,       375.00
N,ST,ARMOUR,ARMOUR SECURITY (INDIA) L,        18.00,        18.00,        18.00,        18.00,        18.00,                    36000.00,2000, ,        45.60,        17.10
N,SM,ARUNAYA,ARUNAYA ORGANICS LIMITED,        14.60,        14.30,        14.50,        14.30,        14.45,                   172200.00,12000, ,        31.45,        13.90
N,SM,ARVINDPORT,ARVIND PORT AND INFRA LTD,        32.00,        32.00,        32.00,        32.00,        32.00,                   288000.00,9000, ,        71.25,        24.40
N,SM,ASHALOG,ASHAPURA LOGISTICS LTD,        63.25,        62.50,        62.50,        62.50,        62.50,                    62500.00,1000, ,        92.60,        49.60
N,SM,ASHWINI,ASHWINI CONTAINER MOVER L,       180.00,       180.00,       180.00,       180.00,       180.00,                   180000.00,1000, ,       219.90,       120.00
N,SM,ASPIRE,ASPIRE & INNOVATIVE ADV L,        13.05,        12.50,        13.25,        12.50,        13.25,                    51500.00,4000, ,        27.00,        10.20
G,ST,ATCENERGY,ATC ENERGIES SYSTEM LTD,        22.50,        22.80,        22.80,        22.05,        22.50,                   272340.00,12000, ,        67.80,        19.35
N,SM,ATMASTCO,ATMASTCO LIMITED,       139.75,       140.00,       140.75,       137.60,       139.50,                  1283240.00,9200, ,       247.50,        98.00
N,SM,AUROIMPEX,AURO IMPEX & CHEMICALS L,        28.65,        27.55,        27.55,        27.25,        27.50,                   437920.00,16000, ,        53.95,        21.25
N,SM,APS,AUSTRALIAN PREM SOLAR I L,       245.00,       245.00,       248.65,       241.00,       244.75,                  2941150.00,12000, ,       543.95,       228.00
N,ST,AVANA,AVANA ELECTROSYSTEMS LTD,       152.40,       154.60,       154.75,       154.60,       154.75,                  1237300.00,8000, ,       168.05,        60.10
N,SM,AVIANSH,AVI ANSH TEXTILE LIMITED,       104.50,       104.50,       104.50,       102.50,       102.50,                   618500.00,6000, ,       123.50,        95.00
N,SM,AVIENCE,AVIENCE BIOMEDICALS LTD,       270.50,       272.00,       279.00,       270.05,       275.00,                  2799270.00,10200, ,       414.95,       222.00
N,SM,AVPINFRA,AVP INFRACON LIMITED,        58.40,        58.50,        59.00,        58.00,        58.25,                  1070960.00,18400, ,       189.45,        54.50
N,SM,BAGDIGITAL,B.A.G.CONVERGENCE LIMITED,       106.00,       106.00,       106.00,       105.00,       105.00,                  1180880.00,11200, ,       139.00,        95.75
N,SM,BABAFP,BABA FOOD PROCESSING,        25.50,        24.00,        24.00,        23.85,        23.85,                   153120.00,6400, ,        42.45,        17.65
N,SM,BAHETI,BAHETI RECYCLING IND LTD,       849.45,       881.00,       881.00,       842.65,       846.00,                 11828850.00,13875, ,       881.00,       478.00
N,SM,BALAJIPHOS,BALAJI PHOSPHATES LIMITED,       108.25,       109.95,       114.80,       109.95,       114.00,                  1458700.00,13000, ,       184.70,        78.80
N,SM,BARFLEX,BARFLEX POLYFILMS LIMITED,        60.90,        60.90,        60.90,        58.05,        60.90,                   718400.00,12000, ,        82.40,        50.05
N,SM,BASILIC,BASILIC FLY STUDIO LTD,       193.95,       193.00,       193.00,       186.05,       188.65,                  2609475.00,13800, ,       509.80,       164.00
N,ST,BAWEJA,BAWEJA STUDIOS LIMITED,        25.95,        26.00,        26.25,        26.00,        26.10,                   187920.00,7200, ,        55.45,        21.10
N,SM,BEACON,BEACON TRUSTEESHIP LTD,        87.30,        84.50,        84.50,        82.95,        83.60,                  1673200.00,20000, ,       124.80,        50.00
N,SM,BEWLTD,BEW ENGINEERING LIMITED,        49.30,        50.70,        50.70,        48.25,        49.30,                   567475.00,11500, ,       159.30,        47.95
N,ST,BHADORA,BHADORA INDUSTRIES LTD,       108.10,       106.00,       113.50,       102.70,       111.95,                  7647660.00,69600, ,       128.85,        49.50
N,ST,BIKEWO,BIKEWO GREEN TECH LIMITED,       102.90,       103.95,       103.95,        97.80,        97.80,                  7287400.00,74000, ,       115.80,        13.65
N,SM,BMLL,BIO MEDICA LABORATORIES L,       162.30,       165.00,       181.00,       165.00,       177.00,                 11441400.00,67000, ,       181.00,       101.50
N,SM,BIOPOL,BIOPOL CHEMICALS LIMITED,        43.60,        45.70,        45.75,        45.70,        45.75,                   494040.00,10800, ,       133.75,        39.50
N,SM,BLUEPEBBLE,BLUE PEBBLE LIMITED,        70.00,        73.95,        84.00,        73.95,        84.00,                  1479260.00,18000, ,       195.00,        59.20
N,ST,BLUEWATER,BLUE WATER LOGISTICS LTD,       497.95,       475.00,       490.00,       473.20,       486.75,                  7686050.00,16000, ,       502.95,       128.00
N,SM,BMETRICS,BOMBAY METRICS S C LTD,        34.70,        39.85,        40.00,        35.05,        35.15,                   328240.00,8800, ,        56.90,        31.05
N,SM,BOSS,BOSS PACKAGING SOLU LTD,        56.60,        54.25,        55.90,        54.20,        55.70,                   551100.00,10000, ,        57.20,        31.75
N,SM,BRANDMAN,BRANDMAN RETAIL LIMITED,       172.55,       174.50,       176.50,       171.00,       171.30,                  2215040.00,12800, ,       243.80,       109.35
N,ST,BULKCORP,BULKCORP INTERNATIONAL L,        75.60,        78.00,        78.00,        78.00,        78.00,                    93600.00,1200, ,        86.95,        38.05
N,SM,CKKRETAIL,C K K RETAIL MART LIMITED,       157.95,       151.05,       151.05,       151.00,       151.00,                   241640.00,1600, ,       265.25,       112.20
N,SM,CPS,C P S SHAPERS LIMITED,      1164.00,      1169.80,      1169.80,      1105.80,      1130.00,                  3411705.00,3000, ,      1349.25,       679.25
N,SM,C2C,C2C ADVANCED SYSTEMS LTD,       223.85,       225.05,       226.50,       220.00,       221.80,                 12679920.00,57150, ,       888.00,       204.50
N,SM,CANARYS,CANARYS AUTOMATIONS LTD,        25.80,        25.80,        26.55,        24.85,        26.10,                  2482800.00,96000, ,        35.20,        14.60
N,SM,CUDML,CASH UR DRIVE MARKETING L,       104.00,       105.00,       106.00,       102.00,       105.20,                  2279300.00,22000, ,       191.00,        84.95
N,ST,CEDAAR,CEDAAR TEXTILE LIMITED,        13.70,        13.20,        13.60,        13.10,        13.60,                   131700.00,10000, ,       118.00,        12.55
N,SM,CELLPOINT,CELL POINT (INDIA) LTD,        15.35,        15.35,        16.30,        15.35,        16.30,                    37980.00,2400, ,        21.10,        11.70
N,SM,CELLECOR,CELLECOR GADGETS LIMITED,        32.50,        32.15,        33.00,        31.40,        32.85,                 11505600.00,354000, ,        43.85,        21.80
N,SM,CMNL,CHAMAN METALLICS LIMITED,       121.95,       125.00,       127.00,       114.20,       115.75,                  3088875.00,25500, ,       183.90,        90.00
N,SM,CHAMUNDA,CHAMUNDA ELECTRICAL LTD,        43.25,        44.95,        44.95,        42.95,        43.35,                   914700.00,21000, ,        59.00,        38.00
N,SM,CHANDAN,CHANDAN HEALTHCARE LTD,       208.95,       208.10,       214.95,       204.00,       211.50,                  5690200.00,27200, ,       358.00,       185.40
N,SM,CHAVDA,CHAVDA INFRA LIMITED,       127.10,       127.10,       127.10,       124.00,       124.50,                   876300.00,7000, ,       148.00,        80.60
N,SM,CHETANA,CHETANA EDUCATION LIMITED,        43.00,        43.00,        43.80,        43.00,        43.65,                   278480.00,6400, ,        82.00,        30.10
N,SM,CLASSICEIL,CLASSIC ELECTRODE (IND) L,        52.35,        54.80,        54.95,        54.80,        54.95,                  1406240.00,25600, ,       113.90,        34.75
N,SM,CLAYCRAFT,CLAY CRAFT INDIA LIMITED,       159.85,       160.00,       162.00,       158.00,       159.40,                  3729810.00,23400, ,       224.00,       149.00
N,SM,CSSL,CLEAR SECURED SERVICES L,        90.15,        90.50,        93.00,        89.75,        91.65,                  2347700.00,26000, ,       164.00,        89.00
N,SM,CONNPLEX,CONNPLEX CINEMAS LIMITED,       223.35,       223.00,       252.70,       222.00,       244.45,                155288440.00,670400, ,       311.90,       178.15
N,SM,CONTI,CONTINENTAL SEED CHEM LTD,        11.10,        11.10,        11.10,        10.95,        11.10,                  2246775.30,203313, ,        28.50,        10.15
N,ST,COOLCAPS,COOL CAPS INDUSTRIES LTD,        23.35,        24.20,        24.50,        23.05,        24.50,                  4272437.50,176250, ,       109.00,        19.00
N,SM,CRAYONS,CRAYONS ADVERTISING LTD,        26.00,        26.00,        26.00,        24.80,        25.10,                   228500.00,9000, ,        59.50,        23.60
N,SM,CGRAPHICS,CREATIVE GRAPHICS S IND L,       148.55,       150.90,       150.90,       147.00,       147.60,                  2369400.00,16000, ,       259.00,       122.00
N,SM,CREDENT,CREDENT CONNECT N CARE L,       336.50,       336.50,       340.00,       311.00,       317.70,                 45686040.00,140400, ,       380.00,       311.00
N,SM,CURIS,CURIS LIFESCIENCES LTD,       145.10,       145.70,       153.50,       145.00,       151.35,                  5657500.00,38000, ,       153.50,        83.60
N,SM,CURRENT,CURRENT INFRAPROJECTS LTD,        89.00,        86.20,        86.20,        85.00,        85.00,                   546400.00,6400, ,       163.00,        85.00
N,SM,CMRSL,CYBER MEDIA RES & SER LTD,        69.70,        72.80,        73.15,        72.00,        73.15,                   291160.00,4000, ,        96.75,        52.45
N,SM,DANISH,DANISH POWER LIMITED,       874.15,       890.00,       890.30,       841.30,       854.10,                 27197610.00,31500, ,      1094.90,       550.50
N,SM,DCCL,DAR CREDIT & CAPITAL LTD,        43.00,        43.00,        43.00,        43.00,        43.00,                   172000.00,4000, ,        60.80,        33.00
N,SM,DCG,DCG CABLES & WIRES LTD,        65.35,        68.25,        69.95,        67.50,        68.80,                  1567920.00,22800, ,        77.45,        47.00
N,SM,DENEERS,DE NEERS TOOLS LIMITED,       169.90,       167.50,       176.00,       167.50,       172.30,                 10453950.00,60000, ,       300.95,       132.00
N,SM,DECCANTRAN,DECCAN TRANSCON LEASING L,        20.25,        20.25,        20.25,        20.00,        20.00,                  2352840.00,117600, ,        39.05,        16.25
N,ST,DEEM,DEEM ROLL TECH LIMITED,        40.30,        42.25,        42.30,        42.25,        42.30,                   126850.00,3000, ,        64.45,        29.35
N,SM,DELAPLEX,DELAPLEX LIMITED,        97.65,        87.00,       103.00,        87.00,       100.00,                   772770.00,7800, ,       194.85,        80.00
N,SM,DELTIC,DELTA AUTOCORP LIMITED,        35.80,        35.80,        35.80,        34.65,        35.35,                   210500.00,6000, ,        71.60,        28.05
N,SM,DHANLAXMI,DHANLAXMI CROP SCIENCE L,        24.25,        24.30,        25.00,        24.30,        25.00,                   197200.00,8000, ,        45.45,        20.05
N,SM,DHANSA,DHANSA LABS LIMITED,        26.80,        27.95,        28.10,        26.90,        28.10,                   500400.00,18000, ,        47.00,        16.20
N,ST,DHARARAIL,DHARA RAIL PROJECTS LTD,       140.05,       140.00,       140.00,       134.50,       136.60,                  2079100.00,15000, ,       172.50,        90.05
N,SM,DHARIWAL,DHARIWALCORP LIMITED,        23.80,        24.95,        24.95,        22.65,        24.00,                 20485350.00,846000, ,       413.00,        16.70
N,SM,DIGIKORE,DIGIKORE STUDIOS LIMITED,        40.00,        40.00,        41.00,        36.00,        40.10,                  2251860.00,57600, ,       190.60,        30.25
N,ST,DIVINEHIRA,DIVINE HIRA JEWELLERS LTD,       113.70,       115.00,       115.00,       109.00,       109.45,                  1859280.00,16800, ,       355.25,        86.00
N,SM,DPEL,DIVINE POWER ENERGY LTD,       577.30,       579.95,       580.00,       577.00,       578.75,                  6947925.00,12000, ,       599.00,       131.05
N,ST,DIVYADHAN,DIVYADHAN RECYCLING IND L,        42.85,        44.95,        44.95,        44.90,        44.90,                   539000.00,12000, ,        58.10,        18.25
N,SM,DOLLEX,DOLLEX AGROTECH LIMITED,        35.00,        36.80,        36.80,        36.80,        36.80,                   147200.00,4000, ,        43.55,        26.00
N,SM,DRONE,DRONE DESTINATION LIMITED,        34.00,        34.15,        34.15,        32.00,        33.50,                  1445625.00,43500, ,       101.85,        32.00
N,SM,DUCOL,DUCOL ORGS AND COLOURS LT,       109.00,       109.00,       114.90,       108.00,       108.00,                   439920.00,4000, ,       209.50,        90.00
N,SM,DUGLOBAL,DUDIGITAL GLOBAL LIMITED,        25.00,        25.70,        25.70,        25.50,        25.55,                   319625.00,12500, ,        49.00,        23.00
N,SM,DURLAX,DURLAX TOP SURFACE LTD,        66.50,        66.45,        66.50,        64.10,        64.50,                  1689100.00,26000, ,        72.00,        30.55
N,ST,DYNAMIC,DYNAMIC SRVCS & SEC LTD,       141.70,       141.80,       148.75,       139.05,       146.30,                  2105900.00,14500, ,       183.90,        84.70
N,SM,EFACTOR,E FACTOR EXPERIENCES LTD,       175.00,       180.00,       180.00,       168.15,       173.00,                   633120.00,3600, ,       348.00,       150.00
N,SM,E2ERAIL,E TO E TRANS INFRA LTD,       345.40,       337.00,       364.95,       337.00,       353.10,                 29128080.00,83200, ,       371.00,       171.00
N,ST,ECOLINE,ECOLINE EXIM LIMITED,       180.00,       181.00,       183.00,       176.00,       180.35,                  5583000.00,31000, ,       216.00,       111.00
N,ST,EFFWA,EFFWA INFRA & RESEARCH L,       368.15,       370.00,       380.00,       350.20,       360.00,                  3199960.00,8800, ,       399.95,       165.00
N,SM,EFORCE,ELECTRO FORCE (INDIA) LTD,        19.50,        19.30,        21.40,        19.30,        20.05,                   340620.00,16800, ,        47.00,        16.15
N,SM,ELGNZ,ELEGANZ INTERIORS LIMITED,        84.05,        85.50,        88.25,        84.30,        87.55,                  2150100.00,25000, ,       163.00,        52.00
N,SM,EMAPARTNER,EMA PARTNERS INDIA LTD,        83.05,        85.00,        86.00,        80.55,        85.35,                  1511700.00,18000, ,       105.00,        65.25
N,SM,ETML,EMERALD TYRE MANUF LTD,        82.00,        80.80,        85.80,        80.80,        81.95,                   495660.00,6000, ,       146.00,        72.50
N,SM,EMKAYTOOLS,EMKAY TAP & CUT. TOOL LTD,        96.05,        93.50,        98.00,        93.50,        98.00,                   131617.50,1350, ,       176.00,        83.10
N,SM,ETL,EMKAY TOOLS LIMITED,      1098.10,      1035.15,      1047.00,      1035.15,      1047.00,                   312322.50,300, ,      1125.00,       721.10
N,SM,ENCOMPAS,ENCOMPASS DESIGN INDIA L,       248.65,       251.45,       258.95,       248.00,       256.80,                  2429300.00,9600, ,       302.90,       167.35
N,SM,EMMIL,ENERGY MISSION MACH IND L,       120.65,       120.00,       124.00,       118.15,       120.10,                  1904662.50,15750, ,       207.00,       110.00
N,SM,ENFUSE,ENFUSE SOLUTIONS LIMITED,       160.75,       155.05,       155.05,       155.00,       155.00,                   279030.00,1800, ,       260.00,       148.00
N,SM,ENSER,ENSER COMMUNICATIONS LTD,        14.80,        15.35,        15.35,        15.25,        15.30,                   766500.00,50000, ,        23.25,         7.80
N,SM,ENVIRO,ENVIROTECH SYSTEMS LTD,        71.15,        69.10,        71.25,        69.05,        70.50,                   772000.00,11000, ,       173.00,        68.10
N,ST,EEPL,EPPELTONE ENGINEERS LTD,       135.05,       132.00,       141.70,       132.00,       139.70,                  2489750.00,18000, ,       232.80,        91.00
N,ST,EPWINDIA,EPW INDIA LIMITED,       256.00,       245.00,       245.00,       243.20,       244.10,                  1170660.00,4800, ,       282.05,        98.00
N,SM,ESCONET,ESCONET TECHNOLOGIES LTD,       227.45,       221.00,       238.80,       221.00,       238.60,                  9606660.00,40800, ,       280.00,        91.25
N,SM,ESPRIT,ESPRIT STONES LIMITED,        63.50,        63.00,        63.50,        63.00,        63.00,                   303200.00,4800, ,        95.00,        52.00
N,SM,ESFL,ESSEN SPECIALITY FILMS L,       115.15,       121.00,       121.60,       116.60,       120.75,                  1335312.00,11160, ,       392.90,       108.30
N,ST,EXCELLENT,EXCELLENT WIRES N PACK L,       209.00,       209.00,       209.50,       208.00,       209.50,                  1336800.00,6400, ,       218.00,        36.90
N,SM,EXIMROUTES,EXIM ROUTES LIMITED,       107.10,       107.10,       107.10,       107.10,       107.10,                   171360.00,1600, ,       281.90,        90.00
N,SM,FALCONTECH,FALCON TECHNOPROJ IND LTD,        12.45,        12.45,        12.45,        12.45,        12.45,                    14940.00,1200, ,        22.35,        10.10
N,ST,FASCINATE,FASCINATE TEXTILES LTD,        76.35,        72.55,        72.55,        72.55,        72.55,                   986680.00,13600, ,       120.80,        72.55
N,SM,FELIX,FELIX INDUSTRIES LTD.,       194.20,       195.30,       215.00,       194.55,       210.20,                 44727375.00,219000, ,       232.95,       142.65
N,SM,FIDEL,FIDEL SOFTECH LIMITED,       139.05,       140.00,       142.00,       140.00,       142.00,                  1417950.00,10000, ,       200.00,       108.10
N,SM,FINBUD,FINBUD FINANCIAL SERV LTD,       128.00,       128.00,       133.10,       128.00,       133.00,                  1433200.00,11000, ,       164.85,        76.00
N,SM,FLYSBS,FLYSBS AVIATION LIMITED,       625.25,       632.45,       651.00,       620.10,       635.60,                 43631900.00,68800, ,       687.00,       355.25
N,SM,FWSTC,FLYWINGS SIMULAT T C LTD,       197.00,       187.00,       187.00,       175.00,       175.15,                  9157920.00,52200, ,       248.00,       145.00
N,SM,FOCE,FOCE INDIA LIMITED,       512.00,       487.00,       487.00,       487.00,       487.00,                   233760.00,480, ,      2004.00,       487.00
N,SM,FONEBOX,FONEBOX RETAIL LIMITED,        95.25,        99.50,       100.00,        99.50,       100.00,                   199500.00,2000, ,       124.40,        57.00
N,SM,FORGEAUTO,FORGE AUTO INTERNATION L,       100.00,       105.00,       105.00,       105.00,       105.00,                  1638000.00,15600, ,       172.00,        68.45
N,ST,FRESHARA,FRESHARA AGRO EXPORTS LTD,       439.75,       440.00,       440.00,       417.80,       425.70,                 21026460.00,49800, ,       477.95,       130.00
N,ST,FROG,FROG INNOVATIONS LIMITED,       265.90,       264.00,       275.95,       255.00,       257.65,                  8398240.00,31600, ,       275.95,       123.50
N,SM,GAJANAND,GAJANAND INTERNATIONAL L,         8.90,         8.00,         8.85,         8.00,         8.40,                    50550.00,6000, ,        13.15,         6.25
N,SM,GML,GALAXY MEDICARE LIMITED,        17.85,        18.00,        18.45,        17.85,        17.85,                   108600.00,6000, ,        54.00,        15.15
N,SM,GGBL,GANESH GREEN BHARAT LTD,       221.85,       221.00,       224.65,       219.05,       222.90,                  4110135.00,18600, ,       475.00,       211.00
N,ST,GANESHIN,GANESH INFRAWORLD LIMITED,        99.75,        99.80,       100.00,        96.35,        99.00,                  5763840.00,58400, ,       263.50,        66.40
N,SM,GANGABATH,GANGA BATH FITTINGS LTD,        20.75,        20.80,        20.80,        20.15,        20.30,                   612300.00,30000, ,        27.50,        15.50
N,SM,GRCL,GAYATRI RUBB AND CHEM LTD,       570.15,       565.00,       575.00,       565.00,       575.00,                   708750.00,1250, ,       629.20,       306.65
N,SM,GENXAI,GENXAI ANALYTICS LIMITED,        81.50,        82.00,        82.50,        80.10,        80.30,                  1276860.00,15600, ,       103.35,        66.70
N,SM,GIRIRAJ,GIRIRAJ CIVIL DEVP LTD,        78.55,        78.00,        78.55,        74.65,        74.65,                 65965762.50,879500, ,       378.00,        52.30
N,ST,GLOBALPET,GLOBAL PET INDUSTRIES LTD,       157.15,       163.85,       165.00,       163.85,       165.00,                  3339000.00,20250, ,       165.00,        85.00
N,SM,GSTL,GLOBESECURE TECHNO LTD,        11.90,        12.05,        12.30,        11.95,        12.00,                   145350.00,12000, ,        37.65,         5.95
N,SM,GOLDKART,GOLDKART JEWELS LIMITED,       100.00,       102.00,       102.00,       102.00,       102.00,                   127500.00,1250, ,       285.00,        81.70
N,SM,GOYALSALT,GOYAL SALT LIMITED,       106.50,       106.00,       106.00,       105.00,       105.00,                   190200.00,1800, ,       200.00,        97.00
N,ST,GPECO,GP ECO SOLUTIONS INDIA L,       422.30,       423.00,       443.40,       423.00,       441.55,                 14438120.00,32800, ,       616.50,       264.05
N,ST,GCHOTELS,GRAND CONTINENT HOTELS L,        98.25,        96.90,       101.90,        95.20,        99.85,                  1946460.00,19800, ,       232.00,        76.50
N,SM,GRAPHISAD,GRAPHISADS LIMITED,        25.60,        26.10,        26.60,        25.10,        25.50,                   276600.00,10800, ,        52.80,        25.10
N,SM,GREENCHEF,GREENCHEF APPLIANCES LTD,        66.50,        68.00,        71.50,        66.20,        66.20,                  2227560.00,32000, ,        74.05,        40.40
N,ST,GREENLEAF,GREENLEAF ENVIROTECH LTD,       110.00,       112.35,       115.40,       112.35,       115.00,                   457750.00,4000, ,       185.90,        52.50
N,SM,GRETEX,GRETEX INDUSTRIES LTD.,       247.50,       247.00,       247.00,       235.50,       237.00,                   724875.00,3000, ,       304.00,       180.50
N,ST,GJL,GROVER JEWELLS LIMITED,       246.75,       239.00,       259.05,       239.00,       251.00,                 18796240.00,76800, ,       276.45,        91.40
N,SM,GSMFOILS,GSM FOILS LIMITED,       117.00,       111.15,       111.15,       111.15,       111.15,                  1500525.00,13500, ,       293.85,        79.70
N,SM,GURUNANAK,GURUNANAK AGRICULTUR IN L,        35.15,        34.00,        36.90,        33.40,        36.90,                  1009360.00,28800, ,        60.00,        22.45
N,SM,HAPPY,HAPPY STEELS LIMITED,        86.65,        87.00,        93.00,        82.65,        89.65,                 10225300.00,116000, ,       104.40,        57.00
N,SM,HIGREEN,HI GREEN CARBON LIMITED,       122.55,       123.00,       125.00,       119.25,       124.00,                   881440.00,7200, ,       232.20,       101.20
N,ST,HOACFOODS,HOAC FOODS INDIA LIMITED,       965.00,       965.00,      1010.00,       959.95,      1009.95,                  6262706.25,6375, ,      1010.00,       205.00
N,SM,HOLMARC,HOLMARC OPTO MECHATRO L,       104.95,       107.00,       107.00,       102.00,       105.05,                  1712775.00,16500, ,       126.80,        60.05
N,SM,HRHNEXT,HRH NEXT SERVICES LIMITED,        24.80,        25.00,        25.40,        25.00,        25.40,                   456600.00,18000, ,        39.30,        21.00
N,SM,HVAX,HVAX TECHNOLOGIES LIMITED,       669.95,       667.00,       667.00,       667.00,       667.00,                   100050.00,150, ,      1007.00,       585.20
N,SM,IBLFL,IBL FINANCE LIMITED,        60.90,        58.00,        58.00,        58.00,        58.00,                   116000.00,2000, ,        72.80,        43.95
N,SM,ICELCO,IC ELECTRICALS COMPANY L,       119.25,       120.10,       124.00,       118.05,       119.05,                 10977180.00,91200, ,       183.00,       112.60
N,SM,IDENTICAL,IDENTICAL BRAINS STUDIO L,        19.10,        22.45,        22.45,        18.00,        18.05,                   404800.00,20000, ,        43.60,        14.10
N,ST,IEML,INDIAN EMULSIFIERS LTD,        40.30,        40.20,        42.30,        40.15,        42.05,                  1654675.00,40000, ,       199.60,        37.80
N,SM,IPHL,INDIAN PHOSPHATE LIMITED,        72.75,        71.60,        77.00,        69.05,        74.95,                  3900300.00,54000, ,        84.25,        46.10
N,SM,INFINIUM,INFINIUM PHARMACHEM LTD,       250.00,       255.90,       264.00,       250.10,       264.00,                  3771000.00,14500, ,       282.90,       189.40
N,SM,INFLUX,INFLUX HEALTHTECH LIMITED,       290.40,       296.00,       296.00,       290.00,       291.35,                  1227420.00,4200, ,       315.00,       160.60
N,SM,INFOLLION,INFOLLION RESEARCH SER L,       158.40,       159.90,       160.10,       155.15,       159.80,                  2106700.00,13200, ,       551.00,       151.00
G,ST,INNOMET,INNOMET ADVANCED MATERI L,       276.95,       282.45,       282.45,       282.45,       282.45,                 10507140.00,37200, ,       282.45,        63.15
N,SM,INSPIRE,INSPIRE FILMS LIMITED,         8.05,         8.45,         8.45,         8.45,         8.45,                    33800.00,4000, ,        22.45,         6.80
N,SM,IPSL,INTEGRATED PERSO SER LTD,       210.00,       215.00,       215.00,       215.00,       215.00,                   107500.00,500, ,       385.00,       172.05
N,ST,INTEGRITY,INTEGRITY INFRABUILD DE L,       171.05,       175.00,       175.00,       175.00,       175.00,                   210000.00,1200, ,       175.35,       100.05
N,SM,INM,INTERIORS & MORE LIMITED,       148.00,       151.00,       151.00,       141.05,       148.00,                  1058610.00,7200, ,       689.00,       141.05
N,SM,INVICTA,INVICTA DIAGNOSTIC LTD,        68.30,        68.00,        68.00,        68.00,        68.00,                   108800.00,1600, ,       105.00,        58.10
N,SM,ISHAN,ISHAN INTERNATIONAL LTD,         0.50,         0.50,         0.55,         0.50,         0.55,                    50400.00,96000, ,         0.95,         0.45
N,SM,ITALIANE,ITALIAN EDIBLES LIMITED,        32.00,        33.00,        33.50,        33.00,        33.50,                   400600.00,12000, ,        49.00,        24.05
N,ST,IWARE,IWARE SUPPLYCHAIN SER LTD,       462.25,       470.00,       485.35,       470.00,       485.35,                 13895370.00,28800, ,       539.40,       119.05
N,SM,JAINAM,JAINAM FER ALLOYS (I) LTD,       214.00,       203.50,       203.50,       203.30,       203.50,                   610400.00,3000, ,       315.00,       169.00
N,SM,JAINIK,JAINIK POWER CABLES LTD,       204.50,       206.40,       212.00,       206.40,       209.20,                  2744160.00,13200, ,       221.00,       102.25
G,ST,JALAN,JALAN TRANSOLU. INDIA LTD,         1.85,         1.80,         1.80,         1.80,         1.80,                    10800.00,6000, ,         5.55,         1.50
N,SM,JAYBEE,JAY BEE LAMINATIONS LTD,        84.95,        84.95,        86.55,        84.35,        84.35,                   851925.00,10000, ,       232.00,        70.00
N,SM,KORE,JAY JALARAM TECHNO LTD,       112.55,       118.80,       123.80,       118.55,       123.80,                  7109375.00,58000, ,       212.30,        85.00
N,SM,JAYESH,JAYESH LOGISTICS LIMITED,       132.65,       132.65,       134.40,       130.05,       134.40,                  5009150.00,38000, ,       200.00,       106.35
N,ST,JEYYAM,JEYYAM GLOBAL FOODS LTD,        22.40,        22.00,        22.65,        22.00,        22.15,                   976400.00,44000, ,        74.50,        21.60
N,SM,JFLLIFE,JFL LIFE SCIENCES LIMITED,         9.80,         9.85,         9.85,         9.85,         9.85,                    59100.00,6000, ,        15.40,         8.55
N,SM,JIWANRAM,JIWANRAM SHEODUTTRA IND L,         4.35,         4.40,         4.40,         4.30,         4.30,                   104100.00,24000, ,         8.30,         4.30
N,SM,JYOTIGLOBL,JYOTI GLOBAL PLAST LTD,        38.50,        40.40,        40.40,        38.00,        40.30,                  1196300.00,30000, ,        77.75,        27.05
N,ST,K2INFRA,K2 INFRAGEN LIMITED,        48.95,        50.45,        50.45,        48.70,        48.80,                   296040.00,6000, ,        82.80,        40.80
N,SM,KKJEWELS,KABRA JEWELS LIMITED,        99.50,        99.00,        99.00,        98.00,        98.00,                   197000.00,2000, ,       119.00,        72.10
N,SM,KALANA,KALANA ISPAT LIMITED,        19.30,        19.95,        19.95,        18.55,        18.80,                   713600.00,38000, ,        45.90,        15.10
N,SM,KANDARP,KANDARP DG SMART BPO LTD,        92.90,        97.00,        97.00,        97.00,        97.00,                    97000.00,1000, ,       169.00,        85.05
N,SM,KARNIKA,KARNIKA INDUSTRIES LTD,       115.55,       115.85,       120.00,       115.00,       118.30,                  5390150.00,46000, ,       224.95,        90.25
N,SM,KATARIA,KATARIA INDUSTRIES LTD,       103.85,       105.00,       107.75,       105.00,       107.45,                   320580.00,3000, ,       125.85,        85.50
N,SM,KLL,KAUSHALYA LOGISTICS LTD,        24.65,        24.15,        25.00,        24.15,        25.00,                   296480.00,12000, ,        75.40,        21.00
N,SM,KCEIL,KAY CEE ENERGY & INFRA L,        79.10,        79.00,        80.40,        78.10,        79.10,                   870375.00,11000, ,       294.00,        74.00
N,SM,KAYTEX,KAYTEX FABRICS LIMITED,        55.35,        58.25,        58.25,        56.50,        56.50,                   273960.00,4800, ,       130.00,        50.35
N,ST,KCK,KCK INDUSTRIES LTD,        14.90,        14.35,        15.40,        14.35,        15.35,                   762250.00,50000, ,        46.90,        11.60
N,SM,KEN,KEN ENTERPRISES LIMITED,        40.00,        39.00,        39.00,        39.00,        39.00,                   140400.00,3600, ,        54.85,        29.00
N,SM,KHFM,KHFM HOS FAC MANA SER LTD,        43.95,        44.95,        44.95,        44.95,        44.95,                    69672.50,1550, ,        86.70,        42.00
N,ST,KODYTECH,KODY TECHNOLAB LIMITED,      1567.00,      1570.00,      1596.00,      1550.10,      1569.95,                  9473895.00,6000, ,      1596.00,       556.05
N,ST,KONSTELEC,KONSTELEC ENGINEERS LTD,        62.05,        62.05,        64.75,        61.90,        62.05,                  3201650.00,51000, ,        75.65,        28.00
N,SM,KONTOR,KONTOR SPACE LIMITED,        53.50,        52.95,        52.95,        52.95,        52.95,                    31770.00,600, ,        87.00,        51.00
N,SM,KDL,KORE DIGITAL LIMITED,        90.50,        92.95,        92.95,        90.75,        92.45,                  1285875.00,13950, ,       285.00,        84.05
N,SM,KRISHCA,KRISHCA STRAPPING SLTN L,       161.95,       158.50,       161.85,       158.50,       161.85,                  1046050.00,6500, ,       225.60,       138.00
N,SM,KRMAYURVED,KRM AYURVEDA LIMITED,       282.90,       279.00,       287.90,       277.05,       287.85,                 15765000.00,56000, ,       343.95,       156.15
N,SM,LAKSHYA,LAKSHYA POWERTECH LIMITED,        83.65,        83.50,        85.00,        81.05,        81.80,                   856480.00,10400, ,       165.90,        73.15
N,ST,LAMOSAIC,LAMOSAIC INDIA LIMITED,        61.40,        60.50,        61.00,        59.60,        60.85,                  4387290.00,72000, ,        61.55,        20.45
N,SM,LRRPL,LEAD REC AND RUB PROD LTD,        86.90,        87.00,        88.00,        87.00,        88.00,                   262500.00,3000, ,        98.90,        59.15
N,SM,LLOYDS,LLOYDS LUXURIES LIMITED,        57.50,        56.35,        60.00,        55.05,        58.00,                   511950.00,9000, ,        98.90,        34.80
N,SM,MVKAGRO,M.V.K. AGRO FOOD PROD LTD,       225.10,       236.35,       236.35,       236.35,       236.35,                  2836200.00,12000, ,       819.00,       152.05
N,ST,MADHUSUDAN,MADHUSUDAN MASALA LIMITED,       232.00,       238.00,       238.00,       230.00,       236.00,                  4689750.00,20000, ,       260.00,       108.60
N,ST,MRIL,MAHENDRA REALTO & INFRA L,        60.15,        58.00,        58.00,        57.30,        57.30,                   276160.00,4800, ,        82.00,        29.05
N,SM,MAHICKRA,MAHICKRA CHEMICAL LIMITED,       295.00,       285.00,       290.00,       285.00,       290.00,                   431250.00,1500, ,       308.80,       131.00
N,SM,MAITREYA,MAITREYA MEDICARE LIMITED,       123.90,       120.00,       120.00,       120.00,       120.00,                    48000.00,400, ,       292.95,       107.50
N,SM,MAKS,MAKS ENERGY SOL INDIA LTD,        14.40,        15.10,        15.10,        15.10,        15.10,                    22650.00,1500, ,        36.00,        12.65
N,ST,MPEL,MANAS POLYMER N ENERGIE L,        26.05,        27.35,        27.35,        27.35,        27.35,                    87520.00,3200, ,       153.90,        23.50
N,SM,MAL,MANGALAM ALLOYS LIMITED,        34.75,        38.05,        38.20,        37.25,        38.20,                  6775120.00,177600, ,        63.25,        28.95
N,SM,MIEL,MANGLAM INFRA & ENG LTD,        12.30,        11.75,        12.10,        11.70,        11.85,                   189000.00,16000, ,        31.50,        10.70
N,SM,MARCO,MARCO CABLE & CONDUCTOR L,        32.20,        32.80,        32.80,        31.15,        31.15,                   382875.00,12000, ,        46.50,        26.60
N,SM,MARUSHIKA,MARUSHIKA TECHNOLOGY LTD,       110.00,       110.00,       110.00,       109.60,       109.60,                   395040.00,3600, ,       123.00,        78.10
N,SM,MASON,MASON INFRATECH LIMITED,       117.20,       116.25,       116.25,       113.40,       113.90,                  1147650.00,10000, ,       220.00,       101.20
N,SM,MASTER,MASTER COMPONENTS LIMITED,       426.00,       429.95,       430.00,       429.95,       429.95,                   429975.00,1000, ,       502.00,       282.50
N,SM,MGSL,MATRIX GEO SOLUTIONS LTD,        74.55,        75.05,        76.50,        72.50,        73.80,                  1247340.00,16800, ,       120.00,        57.20
N,SM,MAXPOSURE,MAXPOSURE LIMITED,        29.00,        29.30,        30.70,        29.30,        29.80,                  5668650.00,189000, ,        62.50,        29.00
N,SM,MAXVOLT,MAXVOLT ENERGY INDUS L,       328.40,       328.40,       334.70,       321.25,       324.80,                  7712900.00,23600, ,       509.00,       213.00
N,SM,MCON,MCON RASAYAN INDIA LTD,        42.50,        44.60,        44.60,        44.00,        44.00,                   356100.00,8000, ,        94.00,        37.30
N,SM,MEDIORG,MEDICAMEN ORGANICS LTD,        25.65,        26.50,        26.70,        26.50,        26.50,                  1166400.00,44000, ,        38.00,        19.10
N,SM,MEDISTEP,MEDISTEP HEALTHCARE LTD,        22.80,        23.50,        23.50,        22.85,        22.90,                   278250.00,12000, ,        38.00,        16.50
N,SM,MEGAFLEX,MEGA FLEX PLASTICS LTD,        95.00,        95.00,        95.00,        91.00,        91.00,                   558000.00,6000, ,       155.05,        43.50
N,SM,MEGATHERM,MEGATHERM INDUCTION LTD,       205.10,       207.00,       232.95,       207.00,       228.75,                 12563740.00,58000, ,       316.95,       170.00
N,ST,METALIC,METALIC TECHNOFORGE LTD,       137.00,       135.00,       141.50,       134.50,       134.65,                  6579920.00,48000, ,       161.95,        81.40
N,SM,MILTON,MILTON INDUSTRIES LIMITED,        36.50,        36.50,        38.30,        34.70,        38.10,                   743270.00,19800, ,        53.50,        24.85
N,SM,MOBILISE,MOBILISE APP LAB LIMITED,       113.75,       108.15,       108.15,       108.15,       108.15,                   173040.00,1600, ,       125.90,        45.00
N,SM,MONOPHARMA,MONO PHARMACARE LIMITED,         8.95,         8.65,         8.95,         8.65,         8.95,                    53100.00,6000, ,        25.50,         7.50
N,SM,MONOLITH,MONOLITHISCH INDIA LTD,      1286.10,      1295.00,      1295.00,      1240.00,      1265.65,                 42226700.00,33250, ,      1298.00,       367.00
N,ST,MOS,MOS UTILITY LIMITED,         7.90,         7.55,         7.55,         7.55,         7.55,                  1147600.00,152000, ,        55.55,         7.55
N,SM,MMEL,MOVING MEDIA ENTER LTD,        24.50,        24.55,        25.75,        24.00,        25.25,                  1334200.00,54000, ,        73.25,        20.00
N,SM,MUNISH,MUNISH FORGE LIMITED,        82.55,        82.00,        83.95,        82.00,        83.05,                  1294980.00,15600, ,       143.00,        50.20
N,SM,MYMUDRA,MY MUDRA FINCORP LIMITED,        70.00,        66.35,        74.00,        66.35,        72.00,                  1208580.00,16800, ,       119.10,        63.00
N,SM,NRVANDANA,N R VANDANA TEX IND LTD,        68.10,        69.90,        69.90,        69.90,        69.90,                   209700.00,3000, ,        82.90,        41.00
N,SM,NAMAN,NAMAN INDUSTRE PRXIMA LTD,        40.00,        40.10,        40.10,        40.10,        40.10,                   128320.00,3200, ,        99.90,        37.00
N,ST,NAMOEWASTE,NAMO EWASTE MANAGEMENT L,       262.20,       264.90,       275.30,       262.15,       274.10,                  8683240.00,32000, ,       319.40,       134.00
N,SM,NEOCHEM,NEOCHEM BIO SOLUTIONS LTD,        96.10,        94.05,        98.05,        94.00,        95.25,                  1488840.00,15600, ,       121.00,        63.00
N,SM,NEPHROCARE,NEPHRO CARE INDIA LIMITED,        98.00,        98.00,        98.50,        89.95,        93.55,                  2523720.00,26800, ,       173.95,        50.05
N,SM,NEPTUNE,NEPTUNE PETROCHEMICALS L,       174.00,       175.00,       175.00,       175.00,       175.00,                    87500.00,500, ,       246.90,       137.00
N,SM,NMSTEEL,NEWMALAYALAM STEEL LTD,        23.90,        23.80,        24.00,        23.70,        23.85,                   190480.00,8000, ,        39.15,        17.40
N,SM,NFPSAMPOOR,NFP SAMPOORNA FOODS LTD,        20.50,        20.60,        20.60,        20.60,        20.60,                   123600.00,6000, ,        54.50,        20.45
N,SM,NIDAN,NIDAN LABS AND HEALTH LTD,        14.85,        15.45,        15.45,        14.10,        14.10,                    89500.00,6000, ,        24.90,        11.50
N,SM,NIKITA,NIKITA GRENTEC RECYCL LTD,        71.55,        72.50,        72.50,        72.50,        72.50,                   174000.00,2400, ,       156.00,        67.15
N,SM,NIRMAN,NIRMAN AGRI GENTICS LTD,        28.35,        29.00,        29.50,        28.20,        28.30,                   351540.00,12300, ,       231.00,        28.00
N,SM,OBSCP,OBSC PERFECTION LIMITED,       841.90,       848.05,       856.95,       833.15,       835.75,                 22207880.00,26400, ,       921.00,       269.95
N,SM,OMFURN,OMFURN INDIA LIMITED,        56.50,        55.00,        55.00,        53.85,        53.85,                   195240.00,3600, ,       140.00,        38.00
N,SM,ONDOOR,ON DOOR CONCEPTS LIMITED,       291.55,       312.55,       340.00,       281.00,       289.60,                  3693870.00,12300, ,       340.00,       100.00
N,SM,OLIL,ONECLICK LOGISTICS IND L,       408.65,       404.00,       427.05,       399.10,       427.05,                  9499900.00,23200, ,       479.90,       210.50
N,ST,ONYX,ONYX BIOTEC LIMITED,        39.25,        37.50,        38.75,        37.30,        37.50,                  4721600.00,126000, ,        51.00,        24.20
N,SM,OPTIMYSTIX,OPTIMYSTIX ENT INDIA LTD,       144.60,       145.00,       150.00,       140.00,       141.85,                  6703080.00,46400, ,       195.00,       140.00
N,ST,OPTIVALUE,OPTIVALUE TEK CONSULT LTD,       165.80,       166.50,       174.05,       166.50,       174.05,                  9082480.00,52800, ,       202.00,        56.05
N,SM,ORIANA,ORIANA POWER LIMITED,      1239.70,      1251.00,      1251.00,      1181.00,      1205.70,                 88427857.50,73425, ,      3064.00,      1174.95
N,SM,OSELDEVICE,OSEL DEVICES LIMITED,       383.90,       398.40,       398.40,       381.10,       385.15,                  3629480.00,9400, ,       835.00,       357.15
N,ST,OWAIS,OWAIS METAL & MINERAL,        80.80,        80.10,        81.90,        79.20,        80.45,                   819430.00,10300, ,       580.00,        58.10
N,ST,PSRAJ,P S RAJ STEELS LIMITED,        80.00,        77.20,        84.00,        77.20,        83.95,                  4133125.00,50000, ,       439.95,        76.10
N,SM,PROPEQUITY,P. E. ANALYTICS LIMITED,       210.00,       229.95,       230.00,       225.00,       225.00,                   824370.00,3600, ,       268.00,       145.00
N,SM,PARAGON,PARAGON FINE S.C. LTD.,        48.00,        49.00,        50.00,        47.50,        47.50,                   411060.00,8400, ,        63.00,        34.10
N,SM,PARAMOUNT,PARAMOUNT DYE TEC LIMITED,        35.10,        36.85,        36.85,        36.85,        36.85,                    88440.00,2400, ,        64.00,        29.85
N,SM,PSFL,PARAMOUNT SPECIALI FORG L,        33.00,        33.10,        34.00,        33.05,        34.00,                  1401600.00,42000, ,        43.05,        21.15
N,SM,PARIN,PARIN ENTERPRISES LIMITED,       713.85,       735.00,       735.00,       699.00,       716.30,                  6116300.00,8500, ,       748.00,       440.00
N,SM,PARTH,PARTH ELEC & ENG LTD,       537.00,       537.50,       545.00,       523.00,       525.70,                  7226020.00,13600, ,       546.00,       188.55
N,SM,PATILAUTOM,PATIL AUTOMATION LIMITED,       264.45,       265.05,       284.90,       265.00,       279.35,                 74184060.00,271800, ,       284.90,       112.05
N,SM,PELATRO,PELATRO LIMITED,       364.00,       364.00,       395.00,       356.00,       391.75,                 16891605.00,44400, ,       440.00,       246.00
N,SM,PENTAGON,PENTAGON RUBBER LIMITED,        74.85,        82.30,        82.30,        82.20,        82.30,                  2715650.00,33000, ,        99.50,        49.15
N,SM,PCCL,PETRO CARBON AND CHEMI L,       440.55,       444.95,       444.95,       423.05,       425.15,                  6240180.00,14400, ,       444.95,       168.40
N,SM,PHANTOMFX,PHANTOM DIGITAL EFF LTD,       112.95,       112.25,       119.80,       112.25,       116.85,                  3638655.00,31200, ,       311.00,       112.25
N,SM,PPSL,PICTUREPOST STUDIOS LTD,         2.85,         2.80,         2.90,         2.80,         2.85,                   127050.00,45000, ,        16.15,         2.10
N,SM,PLADAINFO,PLADA INFOTECH SERVICES L,        10.35,        10.80,        10.85,        10.80,        10.85,                   162300.00,15000, ,        20.30,         9.05
N,SM,POLYSIL,POLYSIL IRRIGATION SYST L,        67.05,        70.40,        70.40,        70.40,        70.40,                   492800.00,7000, ,       356.75,        47.25
N,SM,POSITRON,POSITRON ENERGY LIMITED,       171.00,       171.50,       181.00,       171.00,       180.00,                  4127910.00,23400, ,       395.00,       105.90
N,SM,PRAMARA,PRAMARA PROMOTIONS LTD,       103.25,       102.45,       104.85,       101.25,       102.25,                   666625.00,6500, ,       374.80,       101.10
N,SM,PRAMODINI,PRAMODINI MEDICARE LTD,       115.25,       115.00,       116.95,       114.05,       114.80,                  5412660.00,46800, ,       125.95,       111.55
N,SM,PRANIK,PRANIK LOGISTICS LIMITED,        39.90,        41.45,        47.85,        41.45,        47.85,                  2040880.00,43200, ,        86.90,        37.00
N,SM,PRATHAM,PRATHAM EPC PROJECTS LTD,       120.00,       119.00,       119.00,       119.00,       119.00,                   142800.00,1200, ,       196.00,       100.00
N,ST,PRECISION,PRECISION METALIKS LTD,         6.45,         6.50,         6.50,         6.50,         6.50,                    13000.00,2000, ,        22.85,         6.20
N,SM,PRLIND,PREMIER ROADLINES LIMITED,        38.85,        38.65,        39.00,        37.60,        38.05,                  3894550.00,102000, ,        93.00,        37.60
N,SM,PREMIUM,PREMIUM PLAST LIMITED,        41.20,        41.25,        42.20,        38.00,        38.00,                   866850.00,21000, ,        46.00,        29.80
N,SM,PRESSTONIC,PRESSTONIC ENGINEERING L,        34.30,        35.00,        35.00,        32.40,        33.05,                  1832760.00,55200, ,        89.00,        24.00
N,ST,PRIMECAB,PRIME CABLE INDUSTRIES L,       200.00,       198.00,       209.35,       194.00,       197.50,                  5068880.00,25600, ,       222.00,        70.40
G,ST,PRIZOR,PRIZOR VIZTECH LIMITED,      1176.90,      1161.00,      1200.40,      1161.00,      1200.40,                  7594400.00,6400, ,      1200.40,       216.65
N,SM,PROFX,PRO FX TECH LIMITED,        76.10,        77.00,        77.00,        77.00,        77.00,                   123200.00,1600, ,       114.00,        56.00
N,SM,PROLIFE,PROLIFE INDUSTRIES LTD,        79.00,        78.00,        79.00,        78.00,        79.00,                    78500.00,1000, ,       142.45,        56.05
N,SM,PROPSHOP,PROPSHOP EVENTS AND EXH L,        69.60,        69.00,        72.00,        66.05,        70.10,                 12086000.00,174000, ,        80.00,        52.45
N,SM,PROV,PROVENTUS AGROCOM LIMITED,      1875.00,      1875.00,      1925.00,      1875.00,      1910.00,                   456800.00,240, ,      1940.00,       815.10
N,SM,PULZ,PULZ ELECTRONICS LIMITED,        22.95,        22.40,        22.40,        22.05,        22.10,                   355300.00,16000, ,        44.25,        21.35
N,ST,PURPLEUTED,PURPLE UNITED SALES LTD,       396.65,       400.00,       416.45,       400.00,       416.20,                 16713800.00,40750, ,       587.95,       244.45
N,SM,PURVFLEXI,PURV FLEXIPACK LIMITED,        48.20,        45.80,        47.00,        45.80,        45.80,                   514920.00,11200, ,       124.95,        37.00
N,SM,PUSHPA,PUSHPA JEWELLERS LIMITED,       110.00,       106.55,       108.95,       106.25,       108.95,                   859500.00,8000, ,       148.75,        81.15
N,SM,QLINE,Q-LINE BIOTECH LIMITED,       637.60,       637.60,       655.00,       635.00,       639.60,                 41382200.00,64400, ,       659.75,       431.00
N,SM,QUADPRO,QUADPRO ITES LIMITED,         2.45,         2.50,         2.50,         2.50,         2.50,                    60000.00,24000, ,         3.45,         1.85
N,SM,QUESTLAB,QUEST LABORATORIES LTD,        84.80,        85.05,        85.50,        84.90,        85.50,                   510420.00,6000, ,       152.60,        84.00
N,SM,QUICKTOUCH,QUICKTOUCH TECHNOLOGIES L,        15.25,        14.70,        16.00,        14.70,        16.00,                    77725.00,5000, ,        51.00,        14.70
N,SM,RILINFRA,RACHANA INFRA LTD,        35.10,        36.00,        36.00,        35.05,        35.15,                   173305.00,4900, ,        47.50,        27.60
N,ST,RADIOWALLA,RADIOWALLA NETWORK LTD,        30.20,        28.70,        28.70,        28.70,        28.70,                   229600.00,8000, ,        72.00,        22.20
N,ST,RCDL-RE,RAJGOR CAST DERIVATI LTD,         2.10,         2.50,         2.50,         2.30,         2.45,                   849600.00,342000, ,         6.25,         1.75
N,SM,RCDL,RAJGOR CASTOR DERIVATI L,        15.65,        15.05,        15.50,        14.10,        14.15,                  1782900.00,123000, ,        35.00,        14.10
N,SM,RAJPUTANA,RAJPUTANA BIODIESEL LTD,       216.55,       220.00,       221.00,       217.00,       219.95,                  1315000.00,6000, ,       299.00,       169.00
N,SM,RAJINDLTD,RAJPUTANA INDUSTRIES LTD,        63.55,        62.05,        63.00,        62.05,        63.00,                   187575.00,3000, ,        95.00,        60.00
N,SM,RBS,RAMDEVBABA SOLVENT LTD,        88.50,        88.50,        90.75,        88.00,        88.10,                   496200.00,5600, ,       134.00,        58.80
N,SM,RAPIDFLEET,RAPID FLEET MGT SERVICE L,       232.00,       233.15,       234.10,       233.00,       233.00,                  5460060.00,23400, ,       244.90,       158.00
N,SM,RBMINFRA,RBM INFRACON LIMITED,       244.40,       244.40,       245.60,       233.00,       236.90,                  2397720.00,10000, ,       524.80,       221.00
N,SM,READYMIX,READYMIX CONSTRU MACHI L,        78.20,        78.85,        78.85,        74.65,        76.00,                  1611200.00,21000, ,       175.00,        68.80
N,SM,REFRACTORY,REFRACTORY SHAPES LIMITED,        25.50,        24.65,        25.35,        24.25,        25.25,                  1097000.00,45000, ,        62.00,        24.25
N,SM,REMUS,REMUS PHARMACEUTICALS L,       894.10,       886.05,       906.00,       886.05,       890.05,                  2685400.00,3000, ,       987.50,       580.00
N,SM,RNPL,RENOL POLYCHEM LIMITED,        81.50,        82.00,        83.00,        79.00,        79.00,                   589800.00,7200, ,       158.00,        69.05
N,ST,RICHA,RICHA INFO SYSTEMS LTD,        81.00,        78.00,        78.00,        78.00,        78.00,                    78000.00,1000, ,        95.00,        50.00
N,SM,RITEZONE,RITE ZONE CHEMCON IND LTD,        19.65,        20.50,        20.50,        20.50,        20.50,                    65600.00,3200, ,        36.55,        13.80
N,SM,RNFI,RNFI SERVICES LIMITED,       299.75,       303.00,       309.30,       297.10,       299.15,                 30242070.00,100200, ,       404.00,       216.00
N,SM,ROCKINGDCE,ROCKINGDEALS CIRCU ECO L,       227.15,       220.00,       239.80,       216.90,       234.25,                  2079762.50,9000, ,       283.85,       123.90
N,SM,ROXHITECH,ROX HI TECH LIMITED,        47.50,        46.05,        47.60,        46.05,        46.30,                  1126960.00,24000, ,        58.90,        22.95
N,SM,RULKA,RULKA ELECTRICALS LIMITED,       109.60,       105.40,       110.90,       105.40,       106.25,                   360300.00,3300, ,       139.75,        72.95
N,SM,SATECH,S A TECH SOFTWARE INDIA L,        38.40,        38.80,        40.65,        38.80,        39.60,                   798700.00,20000, ,        60.75,        31.15
N,SM,SJLOGISTIC,S J LOGISTICS (INDIA) LTD,       315.20,       315.00,       317.95,       312.10,       315.70,                 10085487.50,32000, ,       459.00,       225.35
N,ST,SAAKSHI,SAAKSHI MEDTEC N PANELS L,       312.00,       300.00,       321.00,       300.00,       317.30,                  4644780.00,15000, ,       331.00,       147.40
N,ST,SABAR,SABAR FLEX INDIA LIMITED,         9.05,         9.50,         9.50,         9.50,         9.50,                   522500.00,55000, ,         9.55,         3.95
N,SM,SACHEEROME,SACHEEROME LIMITED,       455.45,       456.00,       490.10,       455.00,       485.25,                 22541805.00,47400, ,       517.00,       186.00
N,SM,SADHAV,SADHAV SHIPPING LIMITED,       111.95,       111.00,       112.50,       109.55,       110.65,                   996750.00,9000, ,       128.85,        86.30
N,SM,SAFEENTP,SAFE ENTER RETAIL FIX LTD,       277.20,       274.00,       279.75,       271.00,       273.00,                  8521975.00,31000, ,       319.00,       175.00
N,SM,SAHAJSOLAR,SAHAJ SOLAR LIMITED,        99.40,        99.20,       100.70,        95.00,        99.95,                  1564300.00,16000, ,       266.15,        91.00
N,SM,SAHANA,SAHANA SYSTEM LIMITED,       927.90,       926.00,       930.95,       917.00,       920.30,                 18508485.00,20100, ,      1256.00,       685.00
N,ST,SAHASRA,SAHASRA ELECTRONIC SOLU L,       306.25,       308.95,       310.00,       301.00,       307.85,                  7476740.00,24400, ,       373.00,       188.35
N,ST,SAMAY,SAMAY PROJECT SERVICES L,        46.00,        44.50,        44.50,        44.50,        44.50,                   178000.00,4000, ,        52.50,        28.50
N,SM,SAIFL,SAMEERA AGRO AND INFRA L,         4.95,         5.05,         5.05,         4.80,         4.80,                  1441000.00,296000, ,        26.80,         4.55
N,SM,SANGANI,SANGANI HOSPITALS LIMITED,        52.00,        54.60,        54.60,        54.60,        54.60,                   655200.00,12000, ,        77.00,        37.00
N,SM,SARTELE,SAR TELEVENTURE LIMITED,        91.35,        91.50,        93.50,        89.00,        89.40,                  3584000.00,39500, ,       264.85,        88.40
N,SM,SATKARTAR,SAT KARTAR LIFE LIMITED,       118.20,       118.40,       118.40,       115.95,       116.70,                  3371400.00,28800, ,       219.80,       112.00
N,SM,SSEGL,SATHLOKHAR SYN E&C GLOB L,       402.25,       400.00,       405.95,       393.10,       400.60,                  9778290.00,24400, ,       580.00,       283.00
N,ST,SATIPOLY,SATI POLY PLAST LIMITED,        37.05,        38.00,        38.90,        38.00,        38.90,                    76750.00,2000, ,        82.00,        27.15
N,SM,SATTVAENGG,SATTVA ENGINEERING CSTN L,        62.00,        63.00,        63.00,        61.10,        61.50,                   695520.00,11200, ,       118.90,        43.50
N,SM,SAVY,SAVY INFRA AND LOGI LTD,       135.10,       135.10,       141.20,       135.10,       136.15,                 19156380.00,139200, ,       191.00,       108.00
N,SM,SAWALIYA,SAWALIYA FOOD PRODUCTS L,       150.15,       152.00,       159.95,       152.00,       159.95,                  1323090.00,8400, ,       351.00,       137.70
N,SM,SELLOWRAP,SELLOWRAP INDUSTRIES LTD,        66.50,        67.50,        67.50,        67.50,        67.50,                   108000.00,1600, ,       118.55,        62.10
N,SM,SERVICE,SERVICE CARE LIMITED,        69.40,        70.80,        71.85,        67.25,        69.45,                  2349400.00,34000, ,        73.00,        39.20
N,SM,SCML,SHARP CHUCKS N MACHINES L,        83.20,        84.00,        84.10,        74.00,        81.00,                  1115100.00,14000, ,       159.50,        68.05
N,ST,SHEEL,SHEEL BIOTECH LIMITED,        64.50,        63.00,        63.00,        61.60,        61.60,                   372400.00,6000, ,        95.55,        37.80
N,SM,SHEETAL,SHEETAL UNIVERSAL LIMITED,       348.00,       348.10,       348.10,       348.10,       348.10,                   174050.00,500, ,       352.00,       114.00
N,SM,SHERA,SHERA ENERGY LIMITED,       182.40,       183.10,       186.80,       181.90,       182.30,                  6246300.00,34000, ,       193.35,        94.95
N,SM,SHIGAN,SHIGAN QUANTUM TECH LTD,        73.95,        74.00,        74.00,        71.10,        71.10,                   650925.00,9000, ,        88.00,        41.20
N,SM,SPCL,SHIVALIC POWER CONTROL L,        61.20,        61.30,        62.95,        61.00,        62.60,                  1372050.00,22200, ,       123.40,        58.95
N,SM,SHIVASHRIT,SHIVASHRIT FOODS LIMITED,       120.95,       120.95,       123.50,       120.00,       120.00,                  4114350.00,34000, ,       148.50,        96.00
N,SM,SHREEKARNI,SHREE KARNI FABCOM LTD,       386.65,       382.00,       383.50,       372.00,       380.20,                  1530780.00,4050, ,       712.00,       317.10
N,SM,SHREEOSFM,SHREE OSFM E-MOBILITY LTD,        55.95,        56.40,        56.50,        56.40,        56.50,                   112900.00,2000, ,       123.95,        50.10
N,SM,TIRUPATI,SHREE TIRUPATI BALAJEE,       324.00,       308.00,       308.00,       308.00,       308.00,                    38500.00,125, ,       893.00,       295.00
N,ST,SHREEDHAR,SHREEDHAR SPINNERS LTD,       112.55,       108.55,       115.00,       108.50,       114.30,                  2215700.00,20000, ,       128.00,        54.40
N,SM,SHETHJI,SHREEJI GLOBAL FMCG LTD,       190.25,       190.60,       208.95,       190.60,       195.95,                 13901000.00,72000, ,       208.95,        95.50
N,ST,SHRIAHIMSA,SHRI AHIMSA NATURALS LTD,       473.10,       480.00,       488.00,       458.00,       485.50,                  5700000.00,12000, ,       502.90,       208.55
N,SM,SHKSIL,SHRI HARE-KRI SPO IRON L,        34.25,        35.00,        35.50,        32.95,        34.00,                  1086800.00,32000, ,        78.35,        30.20
N,SM,SHRIKANHA,SHRI KANHA STAINLESS LTD,        21.70,        21.20,        21.20,        20.85,        20.85,                   234640.00,11200, ,        88.00,        15.10
N,SM,SHUBHSHREE,SHUBHSHREE BIOFUELS ENE L,       352.00,       352.00,       352.00,       335.00,       349.95,                   731025.00,2100, ,       475.00,       274.00
N,ST,SHYAMDHANI,SHYAM DHANI INDUSTRIES L,        54.00,        52.70,        52.70,        52.70,        52.70,                   105400.00,2000, ,       139.65,        47.00
N,SM,SIDDHICOTS,SIDDHI COTSPIN LIMITED,        26.60,        27.60,        27.60,        26.95,        27.05,                   162840.00,6000, ,        86.40,        26.50
N,SM,SIDDHIKA,SIDDHIKA COATINGS LIMITED,       223.00,       223.00,       225.00,       223.00,       225.00,                   561450.00,2500, ,       250.00,       180.65
N,SM,SILKFLEX,SILKFLEX POLYMERS INDIA L,       274.60,       288.30,       288.30,       283.00,       288.30,                 17228850.00,60000, ,       288.30,        76.00
N,SM,SILKY,SILKY OVERSEAS LIMITED,        69.95,        68.50,        71.95,        68.50,        71.95,                   223480.00,3200, ,       164.40,        62.00
N,ST,SIMCA,SIMCA ADVERTISING LIMITED,       257.65,       258.60,       260.00,       258.00,       260.00,                   776760.00,3000, ,       291.00,       132.00
N,SM,SKP,SKP BEARING INDUSTRI. LTD,       146.60,       147.10,       152.50,       146.85,       151.50,                  6960525.00,46500, ,       238.00,       137.00
N,SM,SKYTECH,SKYTECH INFINITE PLATFM L,        44.50,        40.05,        40.05,        40.05,        40.05,                  1281600.00,32000, ,        74.00,        40.05
N,ST,SLONE,SLONE INFOSYSTEMS LIMITED,       179.85,       187.65,       188.80,       180.00,       187.00,                  5421680.00,29600, ,       371.45,       110.00
N,ST,SMARTEN,SMARTEN POWER SYSTEMS LTD,        54.85,        54.85,        54.85,        54.85,        54.85,                    65820.00,1200, ,       104.80,        42.00
N,SM,SNEHAA,SNEHAA ORGANICS LIMITED,        46.00,        47.00,        49.50,        47.00,        47.00,                   288100.00,6000, ,       122.00,        35.50
N,SM,BALCO,SOLVE PLASTIC PRODUCTS L,        18.45,        17.55,        19.00,        17.55,        19.00,                    66420.00,3600, ,        31.85,        13.40
N,SM,SONAMAC,SONA MACHINERY LIMITED,        34.10,        35.80,        35.80,        33.00,        33.00,                   237150.00,7000, ,        88.00,        27.10
N,ST,SONUINFRA,SONU INFRATECH LIMITED,        42.35,        44.45,        44.45,        44.30,        44.45,                  3062550.00,69000, ,       114.80,        33.30
N,SM,SPRL,SP REFRACTORIES LIMITED,       102.50,       102.50,       102.50,       102.50,       102.50,                    82000.00,800, ,       199.40,        74.50
N,SM,SPEB,SPEB ADHESIVES LIMITED,        94.50,        95.00,        95.00,        95.00,        95.00,                   190000.00,2000, ,        98.25,        46.55
N,SM,SPECTSTM,SPECTRUM TALENT MGMT LTD,        56.00,        56.00,        56.00,        56.00,        56.00,                    44800.00,800, ,       119.00,        50.75
N,SM,SPUNWEB,SPUNWEB NONWOVEN LIMITED,       101.10,       105.00,       106.00,       101.10,       102.90,                  3495060.00,33600, ,       173.55,        80.00
N,ST,SSFL,SRIVARI SPICES N FOODS L,       265.65,       268.00,       271.00,       260.00,       260.00,                  1314550.00,5000, ,       295.10,        86.00
N,ST,SRIVASAVI,SRIVASAVI ADHESIVE TAPE L,        76.65,        78.00,        79.00,        78.00,        79.00,                   236000.00,3000, ,        98.00,        39.00
N,SM,STRIDERS,STRIDERS IMPEX LIMITED,        66.00,        64.70,        64.70,        64.70,        64.70,                   310560.00,4800, ,        82.00,        49.00
N,SM,STUDIOLSD,STUDIO LSD LIMITED,         9.50,         9.80,         9.90,         9.30,         9.85,                   193400.00,20000, ,        33.45,         7.15
N,SM,SUBAHOTELS,SUBA HOTELS LIMITED,       100.00,       100.00,       101.00,        97.70,        98.30,                  3568920.00,36000, ,       200.00,        95.05
N,ST,SUMAX,SUMAX ENGINEERING LIMITED,       110.65,       108.10,       111.80,       105.15,       106.50,                 29863740.00,276000, ,       116.00,       104.95
N,SM,SOCL,SUNDREX OIL COMPANY LTD,        29.00,        29.00,        29.60,        29.00,        29.50,                   327600.00,11200, ,        68.80,        23.65
N,SM,SEL,SUNGARNER ENERGIES LTD,       305.00,       312.50,       320.25,       307.00,       317.95,                  1509660.00,4800, ,       324.00,       115.25
N,SM,SUNLITE,SUNLITE RECYCLING IND LTD,       540.35,       540.35,       550.00,       540.05,       542.50,                  6220665.00,11400, ,       583.55,       148.95
N,SM,SUNREST,SUNREST LIFESCIENCE LTD,        38.75,        38.45,        39.00,        38.45,        39.00,                   372720.00,9600, ,        54.00,        29.55
N,SM,SUNTECH,SUNTECH INFRA SOLUTIONS L,        41.05,        40.10,        40.10,        40.05,        40.05,                   128240.00,3200, ,        69.90,        28.70
N,SM,SFML,SUPREME FACILITY MGMT LTD,        22.00,        21.80,        21.80,        21.50,        21.50,                   516800.00,24000, ,        43.50,        16.50
N,SM,SUPREMEPWR,SUPREME POWER EQUIPMENT L,       219.10,       219.10,       232.00,       214.15,       222.60,                 14519750.00,65500, ,       291.35,       130.55
N,SM,SURANI,SURANI STEEL TUBES LTD.,       100.00,        99.80,        99.80,        94.00,        99.70,                   920130.00,9600, ,       143.60,        47.30
N,ST,SWASTIK,SWASTIK PIPE LIMITED,        20.00,        20.00,        20.00,        19.00,        19.00,                    70800.00,3600, ,        36.95,        12.50
N,SM,SYLVANPLY,SYLVAN PLYBOARD (INDIA) L,        53.05,        55.55,        55.55,        55.55,        55.55,                   222200.00,4000, ,        74.80,        40.00
N,ST,SYNOPTICS,SYNOPTICS TECHNOLOGIES L,        47.00,        47.20,        49.35,        44.65,        49.35,                   281250.00,6000, ,       112.35,        39.65
N,SM,SYSTANGO,SYSTANGO TECHNOLOGIES LTD,       230.10,       228.00,       230.20,       223.25,       225.25,                  2891820.00,12800, ,       411.00,       202.55
N,ST,TAC,TAC INFOSEC LIMITED,       437.25,       431.00,       445.00,       424.60,       433.35,                  9915350.00,22800, ,      1420.00,       347.40
G,ST,TANKUP,TANKUP ENGINEERS LIMITED,      1608.35,      1639.00,      1639.00,      1598.00,      1598.00,                  3639000.00,2250, ,      1639.00,       319.95
N,ST,TAURIAN,TAURIAN MPS LIMITED,       506.00,       506.00,       506.00,       483.20,       494.00,                  7474800.00,15200, ,       545.25,       192.00
N,SM,TBI,TBI CORN LIMITED,        72.70,        73.80,        75.90,        73.00,        73.55,                  9314370.00,125400, ,       105.85,        55.00
N,ST,TEAMTECH,TEAMTECH FORMWORK SOL LTD,       138.00,       136.00,       137.00,       136.00,       137.00,                  1090000.00,8000, ,       143.80,        68.25
N,SM,TECHD,TECHD CYBERSECURITY LTD,       531.00,       531.10,       535.00,       528.00,       533.55,                 10362645.00,19500, ,       843.60,       360.00
N,SM,TECHERA,TECHERA ENGINEER (IND) L,       158.80,       158.65,       161.80,       156.25,       160.90,                  3056960.00,19200, ,       325.70,       127.55
N,ST,TGL,TEERTH GOPICON LIMITED,        18.40,        18.05,        18.05,        18.05,        18.05,                     7220.00,400, ,        91.80,        14.10
N,SM,TEJA,TEJA ENGINEERING IND L,       240.30,       235.00,       238.00,       231.00,       236.05,                 13868190.00,58800, ,       775.00,       209.80
N,SM,TCL,THAAI CASTING LIMITED,       123.60,       123.60,       124.50,       120.10,       123.00,                  3534520.00,28800, ,       147.45,        74.05
N,SM,TRANSTEEL,TRANSTEEL SEATING TECH L,        76.70,        77.00,        77.50,        75.45,        75.90,                  4277250.00,56000, ,       169.00,        71.15
N,SM,TECHLABS,TRIDENT TECHLABS LIMITED,       118.30,       121.00,       121.00,       114.00,       115.20,                  1773150.00,15125, ,       660.00,       105.00
N,SM,TROM,TROM INDUSTRIES LIMITED,        60.35,        60.35,        60.55,        59.50,        59.50,                   540090.00,9000, ,       109.80,        42.90
N,SM,TRUST,TRUST FINTECH LIMITED,        31.40,        30.95,        31.00,        29.50,        30.00,                   578370.00,19200, ,        77.00,        23.80
N,ST,TSC,TSC INDIA LIMITED,        41.00,        43.05,        43.05,        43.00,        43.05,                  1807200.00,42000, ,        71.00,        25.25
N,SM,TUNWAL,TUNWAL E-MOTORS LIMITED,        25.25,        25.35,        25.55,        25.00,        25.10,                  1717500.00,68000, ,        49.80,        25.00
N,SM,UMA,UMA CONVERTER LIMITED,        17.55,        17.30,        18.00,        17.30,        18.00,                   141200.00,8000, ,        24.50,        14.40
N,SM,UNIHEALTH,UNIHEALTH HOSPITALS LTD,       719.95,       719.95,       725.00,       700.00,       724.00,                  8230150.00,11500, ,       820.00,       133.65
N,SM,UNILEX,UNILEX COLOURS AND CHEM L,        27.45,        28.25,        28.25,        27.75,        27.75,                    89600.00,3200, ,        48.60,        20.05
G,ST,UHTL,UNITED HEAT TRANSFER LTD,       155.30,       158.40,       158.40,       158.40,       158.40,                 58291200.00,368000, ,       158.40,        44.00
N,SM,USASEEDS,UPSURGE SEEDS OF AGRI LTD,        88.80,        85.00,        92.40,        84.40,        92.40,                   112050.40,1284, ,       282.65,        76.50
N,SM,URBAN,URBAN ENVIRO WASTE MGMT L,       119.85,       119.55,       121.50,       116.65,       117.60,                  5088640.00,43200, ,       193.20,       114.00
N,SM,USHAFIN,USHA FINANCIAL SERVICES L,        51.00,        51.50,        54.95,        51.25,        54.70,                  3058000.00,57600, ,        54.95,        26.75
N,SM,UTKAL,UTKAL SPEC INDUS INDIA L,        46.90,        49.20,        49.20,        48.95,        48.95,                   196300.00,4000, ,        66.00,        22.60
N,ST,UTSSAV,UTSSAV CZ GOLD JEWELS LTD,       446.00,       446.00,       468.30,       440.00,       468.30,                 10931940.00,24000, ,       568.00,       160.05
N,SM,VMARCIND,V MARC INDIA LIMITED,       348.70,       347.95,       347.95,       313.85,       320.10,                370329525.00,1140000, ,      1708.00,       248.00
N,SM,VLINFRA,V.L.INFRAPROJECTS LIMITED,        26.50,        27.45,        27.80,        27.40,        27.80,                   248100.00,9000, ,        39.60,        18.00
N,SM,VSCL,VADIVARHE SPCLTY CHEM LTD,        21.95,        21.00,        21.00,        20.90,        20.90,                   439350.00,21000, ,        31.80,        16.05
N,ST,MADHAVBAUG,VAIDYA SANE AYUR LAB LTD,       160.30,       160.30,       160.50,       160.30,       160.50,                   192440.00,1200, ,       335.00,       150.00
N,SM,VALUE360,VALUE 360 COMMUNICATION L,        74.90,        69.00,        74.30,        69.00,        74.00,                   432360.00,6000, ,        91.00,        67.35
N,SM,DENTALKART,VASA DENTICITY LIMITED,       400.00,       402.00,       412.00,       402.00,       412.00,                  1744075.00,4250, ,       635.60,       322.50
N,SM,VDEAL,VDEAL SYSTEM LIMITED,       160.00,       158.60,       164.00,       157.00,       157.00,                   381960.00,2400, ,       260.00,       142.00
N,SM,VEEKAYEM,VEEKAYEM FASH & APP LTD,       114.35,       111.00,       114.50,       108.65,       113.05,                   832275.00,7500, ,       318.00,        79.80
N,SM,VERITAAS,VERITAAS ADVERTISING LTD,        31.45,        29.95,        30.00,        29.90,        29.90,                   251460.00,8400, ,        74.90,        28.60
N,SM,VERTEXPLUS,VERTEXPLUS TECHNOLOGIES L,        54.00,        51.70,        56.70,        51.30,        56.70,                   160800.00,3000, ,       149.80,        35.95
N,SM,VICTORYEV,VICTORY ELEC VEHICL INT L,        15.20,        15.15,        15.65,        15.15,        15.65,                   185400.00,12000, ,        34.45,        13.70
N,ST,VIGOR,VIGOR PLAST INDIA LIMITED,       101.30,       101.30,       105.00,       101.30,       102.50,                  3339680.00,32000, ,       114.40,        44.75
N,SM,VIJAYPD,VIJAYPD CEUTICAL LIMITED,        69.90,        67.60,        67.60,        63.00,        63.00,                  3444700.00,54000, ,       114.50,        35.00
N,SM,VILAS,VILAS TRANSCORE LIMITED,       356.10,       356.10,       360.00,       350.00,       353.70,                  7732750.00,21750, ,       604.00,       320.00
N,SM,VILINBIO,VILIN BIO MED LIMITED,        51.70,        51.60,        54.25,        51.60,        54.25,                  3671200.00,68000, ,        54.40,        18.95
N,SM,VMOBILE,VINIT MOBILE LIMITED,        61.00,        59.05,        60.00,        58.85,        58.85,                   285760.00,4800, ,       155.00,        58.85
N,ST,VINSYS,VINSYS IT SERVICES IND LT,       597.00,       598.00,       598.00,       597.00,       597.00,                   448000.00,750, ,       610.90,       215.00
N,SM,VINYAS,VINYAS INNOVATIVE TECH L,      1537.55,      1555.00,      1600.00,      1550.00,      1559.35,                 10536155.00,6700, ,      1730.00,       809.00
N,SM,VGINFOTECH,VIRTUAL GALAXY INFOTECH L,       143.75,       143.80,       143.95,       138.00,       139.40,                  8959850.00,64000, ,       201.80,        99.50
N,SM,VISAMAN,VISAMAN GLOBAL SALES LTD,        64.60,        61.40,        61.40,        61.40,        61.40,                 31989400.00,521000, ,       145.00,        61.40
N,SM,VISDEM,VISDEM TECHNOSYS LIMITED,        94.70,        94.70,       107.95,        94.70,       103.75,                  2432340.00,24000, ,       132.80,        61.00
N,SM,VISHNUINFR,VISHNUSURYA PROJ N INFR L,       160.55,       160.00,       160.50,       158.00,       158.00,                   239250.00,1500, ,       218.90,       125.20
N,SM,VIESL,VISION INFRA EQUIP SOL L,       396.35,       393.00,       398.00,       384.00,       393.10,                 17183560.00,44000, ,       417.50,       170.00
N,SM,VIVIDEL,VIVID ELECTROMECH LIMITED,      1631.55,      1631.55,      1648.00,      1565.00,      1591.60,                 44099004.00,27360, ,      1690.00,       556.00
N,SM,VOLERCAR,VOLER CAR LIMITED,       210.00,       214.95,       252.00,       214.95,       246.95,                 38209360.00,160800, ,       292.90,       189.00
N,SM,WALPAR,WALPAR NUTRITIONS LIMITED,        24.10,        23.75,        23.75,        23.75,        23.75,                    47500.00,2000, ,        50.60,        21.25
N,SM,WINSOL,WINSOL ENGINEERS LIMITED,       112.50,       111.95,       120.00,       111.95,       116.00,                   936220.00,8000, ,       222.00,        93.50
N,SM,WTICAB,WISE TRAVEL INDIA LIMITED,       107.00,       110.00,       110.00,       104.00,       104.15,                  2273950.00,21500, ,       185.50,        75.15
N,SM,WOL3D,WOL 3D INDIA LIMITED,       130.00,       136.00,       136.50,       136.00,       136.50,                   272500.00,2000, ,       216.70,       106.65
N,ST,WOMANCART,WOMANCART LIMITED,       108.30,       111.90,       113.00,       104.10,       105.70,                  2169500.00,20000, ,       358.00,        88.00
N,SM,YAAP,YAAP DIGITAL LIMITED,       132.00,       141.90,       141.90,       135.00,       137.80,                  5367900.00,39000, ,       214.40,       117.00
N,SM,YASHOPTICS,YASH OPTICS & LENS LTD,       121.00,       122.00,       125.00,       122.00,       123.75,                   889080.00,7200, ,       153.50,        97.50
N,SM,YCCL,YASONS CHEMEX CARE LTD,         9.25,         9.25,         9.25,         8.40,         8.60,                   241500.00,27000, ,        13.95,         8.40
N,SM,YUDIZ,YUDIZ SOLUTIONS LIMITED,        25.80,        25.80,        26.95,        25.50,        26.95,                    62600.00,2400, ,        39.30,        22.15
N,SM,ZTECH,Z-TECH (INDIA) LIMITED,       498.00,       493.15,       500.00,       468.00,       476.30,                 12430950.00,25800, ,       701.00,       460.00
N,SM,ZEAL,ZEAL GLOBAL SERVICES LTD,        65.00,        66.00,        66.00,        65.00,        65.50,                   117900.00,1800, ,       124.75,        55.90
N,SM,ZENITHDRUG,ZENITH DRUGS LIMITED,        39.85,        40.50,        43.00,        40.50,        42.75,                   474080.00,11200, ,        73.45,        33.30
